SL.,Station,Year,Month,Humidity (percent),Max_Temperature (Deg.Cel),Min_Temperature (Deg.Cel),Total Rainfall (mm)
1,Jessore (11407),1970,1,71.61,24.89,11.16,31
2,Jessore (11407),1970,2,63.04,28.31,14.31,30
3,Jessore (11407),1970,3,64.35,32.35,20.2,45
4,Jessore (11407),1970,4,69.07,35.19,24.4,87
5,Jessore (11407),1970,5,70.35,34.44,25.65,29
6,Jessore (11407),1970,6,85.6,32.34,25.91,352
7,Jessore (11407),1970,7,87,31.86,25.88,415
8,Jessore (11407),1970,8,85.71,31.85,25.98,280
9,Jessore (11407),1970,9,86.4,30.98,25.63,490
10,Jessore (11407),1970,10,84.1,30.67,23.57,339
11,Jessore (11407),1970,11,71.83,28.14,17.06,10
12,Jessore (11407),1970,12,68.84,25.76,10.8,0
13,Jessore (11407),1971,1,73.03,25.44,11.8,16
14,Jessore (11407),1971,2,68.14,28.2,13.52,0
15,Jessore (11407),1971,3,64.52,33.29,13.43,31
16,Jessore (11407),1971,4,68.07,35.28,13.47,61
17,Jessore (11407),1971,5,75.35,34.75,13.43,141
18,Jessore (11407),1971,6,83.97,32.27,25.28,421
19,Jessore (11407),1971,7,86.94,30.91,25.55,489
20,Jessore (11407),1971,8,86.81,29.81,24.91,500
21,Jessore (11407),1971,9,85.83,32.27,25.65,313
22,Jessore (11407),1971,10,81.9,31.98,25.61,112
23,Jessore (11407),1971,11,76.73,29.58,25.65,15
24,Jessore (11407),1971,12,75.16,26.24,19.94,4
25,Jessore (11407),1972,1,72.74,25.75,11.12,0
26,Jessore (11407),1972,2,65.97,26.13,10.73,4
27,Jessore (11407),1972,3,61.13,34.02,19.42,7
28,Jessore (11407),1972,4,63.93,35.89,23.45,37
29,Jessore (11407),1972,5,70.13,34.76,26.08,22
30,Jessore (11407),1972,6,77,34.06,26.24,110
31,Jessore (11407),1972,7,84.9,32.34,25.78,169
32,Jessore (11407),1972,8,88.1,30.73,24.98,372
33,Jessore (11407),1972,9,84.17,32.63,24.71,131
34,Jessore (11407),1972,10,75.74,32.31,22.75,17
35,Jessore (11407),1972,11,70.47,29.83,16.46,1
36,Jessore (11407),1972,12,66.68,27.47,11.3,0
37,Jessore (11407),1973,1,61.29,27.62,11,0
38,Jessore (11407),1973,2,58.07,31.3,15.46,10
39,Jessore (11407),1973,3,61.32,32.23,17.9,75
40,Jessore (11407),1973,4,61.77,35.64,24.75,32
41,Jessore (11407),1973,5,79.97,33.72,23.88,263
42,Jessore (11407),1973,6,85.2,32.95,25.23,361
43,Jessore (11407),1973,7,87.35,31.46,25.82,214
44,Jessore (11407),1973,8,87.26,31.46,25.6,224
45,Jessore (11407),1973,9,87.4,30.93,25.54,226
46,Jessore (11407),1973,10,83.77,30.53,23.57,131
47,Jessore (11407),1973,11,81.27,27.49,18.12,45
48,Jessore (11407),1973,12,77.19,24.41,12.6,97
49,Jessore (11407),1974,1,70.13,25.08,10.41,0
50,Jessore (11407),1974,2,58.5,28.6,11.49,0
51,Jessore (11407),1974,3,63.55,32.84,18.73,112
52,Jessore (11407),1974,4,74.1,34.53,24.1,44
53,Jessore (11407),1974,5,74.52,34.29,24.23,202
54,Jessore (11407),1974,6,83.23,33.01,25.34,160
55,Jessore (11407),1974,7,89.97,30.66,25.16,353
56,Jessore (11407),1974,8,87.1,31.46,25.61,436
57,Jessore (11407),1974,9,86.97,31.33,25.2,225
58,Jessore (11407),1974,10,82.32,31.91,24.38,99
59,Jessore (11407),1974,11,71.7,29.97,19.3,9
60,Jessore (11407),1974,12,69.19,25.35,10.71,0
61,Jessore (11407),1975,1,68.45,25.24,10.44,7
62,Jessore (11407),1975,2,62.64,28.74,13.34,0
63,Jessore (11407),1975,3,52.61,33.81,18.95,10
64,Jessore (11407),1975,4,62.87,35.8,24.22,10
65,Jessore (11407),1975,5,72.9,34.52,25.02,130
66,Jessore (11407),1975,6,81.5,33.05,25.64,142
67,Jessore (11407),1975,7,89.97,30.62,25.05,444
68,Jessore (11407),1975,8,86.39,31.73,25.38,128
69,Jessore (11407),1975,9,87.4,31.63,25.34,150
70,Jessore (11407),1975,10,84.42,31.65,24.54,215
71,Jessore (11407),1975,11,74.8,27.81,17.36,7
72,Jessore (11407),1975,12,69.9,25.55,10.65,0
73,Jessore (11407),1976,1,69.03,26.45,10.43,0
74,Jessore (11407),1976,2,66.79,28.93,14.55,28
75,Jessore (11407),1976,3,58.26,34.12,20.07,21
76,Jessore (11407),1976,4,61.73,34.96,23.02,68
77,Jessore (11407),1976,5,77.81,33.46,23.67,141
78,Jessore (11407),1976,6,83.53,32.95,25.32,243
79,Jessore (11407),1976,7,87.9,31.89,25.51,253
80,Jessore (11407),1976,8,86.9,31.31,24.88,278
81,Jessore (11407),1976,9,84.53,32.27,25.26,132
82,Jessore (11407),1976,10,76.39,32.32,22.78,11
83,Jessore (11407),1976,11,73.13,30.49,18.45,4
84,Jessore (11407),1976,12,67.39,26.71,10.72,0
85,Jessore (11407),1977,1,66.1,25.49,9.99,1
86,Jessore (11407),1977,2,63.32,29.18,13.72,25
87,Jessore (11407),1977,3,61.42,34.65,21.19,0
88,Jessore (11407),1977,4,75.33,33.94,23.24,162
89,Jessore (11407),1977,5,77.87,32.87,23.47,181
90,Jessore (11407),1977,6,87.63,31.44,25.07,344
91,Jessore (11407),1977,7,87.26,31.44,25.88,301
92,Jessore (11407),1977,8,84.9,32.19,25.96,99
93,Jessore (11407),1977,9,84.77,32.55,25.67,224
94,Jessore (11407),1977,10,79.9,31.54,22.75,93
95,Jessore (11407),1977,11,77.23,29.38,18.99,30
96,Jessore (11407),1977,12,73.16,25.79,11.77,40
97,Jessore (11407),1978,1,73.03,25.75,11.12,3
98,Jessore (11407),1978,2,68.14,28.79,14.04,10
99,Jessore (11407),1978,3,64.52,33.29,19.23,31
100,Jessore (11407),1978,4,68.07,35.28,23.34,61
101,Jessore (11407),1978,5,75.35,34.75,24.84,141
102,Jessore (11407),1978,6,83.97,33.04,25.8,290
103,Jessore (11407),1978,7,86.94,31.95,25.86,300
104,Jessore (11407),1978,8,86.81,31.99,25.85,269
105,Jessore (11407),1978,9,85.83,32.38,25.47,202
106,Jessore (11407),1978,10,81.9,31.98,23.24,112
107,Jessore (11407),1978,11,76.73,29.58,17.66,15
108,Jessore (11407),1978,12,75.16,26.5,12.47,4
109,Jessore (11407),1979,1,69.42,26.28,12.17,45
110,Jessore (11407),1979,2,66.89,26.65,13.47,36
111,Jessore (11407),1979,3,54.1,33.31,18.47,6
112,Jessore (11407),1979,4,61.93,35.37,23.44,18
113,Jessore (11407),1979,5,60.35,35.17,26.02,17
114,Jessore (11407),1979,6,77.63,32.76,26.14,203
115,Jessore (11407),1979,7,84.45,32.59,26.24,359
116,Jessore (11407),1979,8,85.19,32.19,26.1,394
117,Jessore (11407),1979,9,83.7,32.69,25.76,402
118,Jessore (11407),1979,10,76.42,32.23,23.71,119
119,Jessore (11407),1979,11,71.03,31.42,20.84,14
120,Jessore (11407),1979,12,73.81,25.91,13.99,38
121,Jessore (11407),1980,1,67.61,25.57,11.67,8
122,Jessore (11407),1980,2,66.17,28.63,14.77,60
123,Jessore (11407),1980,3,65.16,32.19,20.02,57
124,Jessore (11407),1980,4,63.93,35.21,25.15,4
125,Jessore (11407),1980,5,74.39,34.93,23.89,193
126,Jessore (11407),1980,6,84.23,32.57,26,214
127,Jessore (11407),1980,7,86.68,31.95,26.19,309
128,Jessore (11407),1980,8,85.9,32.16,26.28,309
129,Jessore (11407),1980,9,81.6,32.78,26.14,85
130,Jessore (11407),1980,10,78.48,31.42,22.71,119
131,Jessore (11407),1980,11,67.77,29.76,17.21,0
132,Jessore (11407),1980,12,67,26.53,13.5,0
133,Jessore (11407),1981,1,71.48,25.07,12.17,8
134,Jessore (11407),1981,2,70.29,27.64,14.81,108
135,Jessore (11407),1981,3,66.65,31.39,19.04,45
136,Jessore (11407),1981,4,74.47,31.77,21.7,292
137,Jessore (11407),1981,5,79.42,33,24.24,234
138,Jessore (11407),1981,6,80.67,33.45,26.36,124
139,Jessore (11407),1981,7,88.65,31.87,25.78,377
140,Jessore (11407),1981,8,85.06,32.5,26.1,292
141,Jessore (11407),1981,9,85.5,32.33,25.11,251
142,Jessore (11407),1981,10,70.9,33.08,22.74,0
143,Jessore (11407),1981,11,73.9,30.53,16.3,0
144,Jessore (11407),1981,12,76.61,24.84,12.51,148
145,Jessore (11407),1982,1,69.87,27.08,12.38,0
146,Jessore (11407),1982,2,65.36,28.13,15.1,4
147,Jessore (11407),1982,3,66.1,31.08,18.38,52
148,Jessore (11407),1982,4,72.47,34.96,22.82,224
149,Jessore (11407),1982,5,70.16,36.48,25.09,71
150,Jessore (11407),1982,6,84.33,33.32,25.4,319
151,Jessore (11407),1982,7,84.32,33.29,26.3,171
152,Jessore (11407),1982,8,86.9,31.74,25.56,195
153,Jessore (11407),1982,9,82.63,33.42,25.22,232
154,Jessore (11407),1982,10,75.97,33.17,22.14,5
155,Jessore (11407),1982,11,74.23,28.8,16.82,21
156,Jessore (11407),1982,12,71.06,26.51,11.5,1
157,Jessore (11407),1983,1,70.42,25.61,11.6,20
158,Jessore (11407),1983,2,70.43,27.7,14.24,118
159,Jessore (11407),1983,3,67.45,32.73,20.36,71
160,Jessore (11407),1983,4,62.6,36.19,22.93,61
161,Jessore (11407),1983,5,78.48,34.48,23.91,361
162,Jessore (11407),1983,6,80.57,34.89,26.25,142
163,Jessore (11407),1983,7,86.35,33.11,26.24,189
164,Jessore (11407),1983,8,87.97,32.12,25.82,465
165,Jessore (11407),1983,9,86.6,32.7,25.75,255
166,Jessore (11407),1983,10,84.74,31.8,23.69,152
167,Jessore (11407),1983,11,71.77,30.71,18.11,0
168,Jessore (11407),1983,12,71.65,25.99,11.88,14
169,Jessore (11407),1984,1,74.13,24.71,11.54,51
170,Jessore (11407),1984,2,65.79,27.34,13.4,1
171,Jessore (11407),1984,3,56.06,34.92,19.2,0
172,Jessore (11407),1984,4,67.13,36.76,23.31,18
173,Jessore (11407),1984,5,78.71,35.1,25.38,305
174,Jessore (11407),1984,6,88.07,31.51,25.39,822
175,Jessore (11407),1984,7,87.29,31.51,25.72,247
176,Jessore (11407),1984,8,87.55,31.76,25.56,365
177,Jessore (11407),1984,9,83.93,32.39,25.15,168
178,Jessore (11407),1984,10,79.87,32.45,23.77,54
179,Jessore (11407),1984,11,69.5,30.14,16.18,0
180,Jessore (11407),1984,12,69.68,27.08,12.49,0
181,Jessore (11407),1985,1,74.84,25.83,13.55,46
182,Jessore (11407),1985,2,63.25,28.84,14.44,4
183,Jessore (11407),1985,3,65.26,35.22,21.77,50
184,Jessore (11407),1985,4,63.93,37.53,25.23,2
185,Jessore (11407),1985,5,75.97,34.58,24.37,179
186,Jessore (11407),1985,6,85.9,32.77,25.81,318
187,Jessore (11407),1985,7,88.48,31.22,25.05,251
188,Jessore (11407),1985,8,87.42,32.29,25.82,300
189,Jessore (11407),1985,9,87.1,31.97,25.36,237
190,Jessore (11407),1985,10,77.68,32.36,23.23,189
191,Jessore (11407),1985,11,76.3,29.94,17.44,0
192,Jessore (11407),1985,12,71.52,27.95,12.89,0
193,Jessore (11407),1986,1,72.9,25.77,11.23,9
194,Jessore (11407),1986,2,62.25,29.38,14.05,0
195,Jessore (11407),1986,3,55.13,35.18,19.78,1
196,Jessore (11407),1986,4,71.17,35.55,23.5,73
197,Jessore (11407),1986,5,75.97,34.31,23.98,174
198,Jessore (11407),1986,6,84.47,33.16,25.38,319
199,Jessore (11407),1986,7,87.45,31.96,24.22,362
200,Jessore (11407),1986,8,84.65,32.94,25.55,181
201,Jessore (11407),1986,9,88.67,31.42,24.61,606
202,Jessore (11407),1986,10,84.13,30.96,22.54,228
203,Jessore (11407),1986,11,84.37,29.12,19.35,159
204,Jessore (11407),1986,12,76.71,26.25,14.28,6
205,Jessore (11407),1987,1,73.32,25.66,11.54,1
206,Jessore (11407),1987,2,66.57,29.87,16.01,0
207,Jessore (11407),1987,3,66.03,33.07,20.08,58
208,Jessore (11407),1987,4,68.7,35.03,23.87,97
209,Jessore (11407),1987,5,73.03,34.59,25.12,120
210,Jessore (11407),1987,6,82.83,34.16,26.44,327
211,Jessore (11407),1987,7,90.48,31.45,26.13,321
212,Jessore (11407),1987,8,87.06,32.05,26.13,768
213,Jessore (11407),1987,9,85.73,32.65,26.15,196
214,Jessore (11407),1987,10,80.61,32.74,23.53,136
215,Jessore (11407),1987,11,76.9,29.35,18.81,5
216,Jessore (11407),1987,12,77.65,26.88,13.69,10
217,Jessore (11407),1988,1,73.81,26.64,11.87,0
218,Jessore (11407),1988,2,71.17,30.07,15.29,27
219,Jessore (11407),1988,3,71.13,32.69,19.74,93
220,Jessore (11407),1988,4,70.23,36.38,24.23,148
221,Jessore (11407),1988,5,79.39,33.64,25.75,297
222,Jessore (11407),1988,6,84.97,32.35,25.77,543
223,Jessore (11407),1988,7,85.68,32.23,26.4,257
224,Jessore (11407),1988,8,87.81,31.87,26.22,307
225,Jessore (11407),1988,9,84.6,33.36,25.9,113
226,Jessore (11407),1988,10,78.65,32.52,22.61,91
227,Jessore (11407),1988,11,75.6,30.06,17.66,99
228,Jessore (11407),1988,12,79.84,27.15,14.74,1
229,Jessore (11407),1989,1,73.39,24.57,9.5,0
230,Jessore (11407),1989,2,67.32,28.62,13.91,2
231,Jessore (11407),1989,3,60.52,33.75,18.37,1
232,Jessore (11407),1989,4,66.53,37.78,24.2,39
233,Jessore (11407),1989,5,76.03,35.49,25.72,198
234,Jessore (11407),1989,6,83.77,32.88,25.9,164
235,Jessore (11407),1989,7,86.23,32.15,26.03,255
236,Jessore (11407),1989,8,85.35,32.38,26.13,88
237,Jessore (11407),1989,9,88.07,32.23,25.54,168
238,Jessore (11407),1989,10,85.42,31.78,23.95,192
239,Jessore (11407),1989,11,77.17,30.13,17.05,0
240,Jessore (11407),1989,12,77.1,26.27,11.94,10
241,Jessore (11407),1990,1,78.1,26.46,11.32,0
242,Jessore (11407),1990,2,74.61,28.73,15.74,54
243,Jessore (11407),1990,3,76.68,29.81,18.67,173
244,Jessore (11407),1990,4,76.07,33.72,23.06,25
245,Jessore (11407),1990,5,79.52,34.17,24.67,162
246,Jessore (11407),1990,6,85.3,33.28,26.46,335
247,Jessore (11407),1990,7,88.16,31.9,26.08,369
248,Jessore (11407),1990,8,84.87,32.84,25.98,137
249,Jessore (11407),1990,9,88.07,32.7,25.64,196
250,Jessore (11407),1990,10,84.32,31.14,22.04,99
251,Jessore (11407),1990,11,80.27,30.5,18.53,126
252,Jessore (11407),1990,12,78.55,27.42,11.79,10
253,Jessore (11407),1991,1,78.23,24.82,10.84,24
254,Jessore (11407),1991,2,73.86,30.66,15.33,10
255,Jessore (11407),1991,3,71.74,34.27,20.64,31
256,Jessore (11407),1991,4,70.87,36.07,23.48,54
257,Jessore (11407),1991,5,77.1,36,25.79,186
258,Jessore (11407),1991,6,85.57,33.62,25.8,407
259,Jessore (11407),1991,7,86.42,32.74,26.23,220
260,Jessore (11407),1991,8,86.9,32.57,26.11,543
261,Jessore (11407),1991,9,88.2,32.81,25.6,216
262,Jessore (11407),1991,10,86.45,31.63,23.09,285
263,Jessore (11407),1991,11,78.37,29.28,16.27,0
264,Jessore (11407),1991,12,80.71,25.41,12.44,76
265,Jessore (11407),1992,1,81.84,24.68,11.28,27
266,Jessore (11407),1992,2,76.31,26.86,14.73,77
267,Jessore (11407),1992,3,68.13,33.55,20.48,0
268,Jessore (11407),1992,4,64.97,38.81,24,1
269,Jessore (11407),1992,5,76.77,34.84,23.91,223
270,Jessore (11407),1992,6,80.87,34.61,25.81,303
271,Jessore (11407),1992,7,88.13,32.53,25.46,307
272,Jessore (11407),1992,8,86.87,32.6,25.78,152
273,Jessore (11407),1992,9,86.2,32.85,24.86,204
274,Jessore (11407),1992,10,84.19,32.95,22.39,36
275,Jessore (11407),1992,11,78.2,30.27,17,3
276,Jessore (11407),1992,12,78.06,26.7,11.36,0
277,Jessore (11407),1993,1,75.74,25.32,10.87,0
278,Jessore (11407),1993,2,73.29,29.18,15.64,33
279,Jessore (11407),1993,3,66.87,32.22,17.66,115
280,Jessore (11407),1993,4,73.8,34.74,22.76,147
281,Jessore (11407),1993,5,80.58,33.94,24.61,132
282,Jessore (11407),1993,6,85.23,33.13,25.62,437
283,Jessore (11407),1993,7,87.26,32.34,26.19,327
284,Jessore (11407),1993,8,88.16,32.12,26.19,213
285,Jessore (11407),1993,9,88.2,32.06,25.22,336
286,Jessore (11407),1993,10,85.9,32.85,23.12,58
287,Jessore (11407),1993,11,80.97,30.1,18.14,4
288,Jessore (11407),1993,12,78.48,27.06,12.79,0
289,Jessore (11407),1994,1,74.35,26.36,11.25,10
290,Jessore (11407),1994,2,73.68,27.08,13.67,31
291,Jessore (11407),1994,3,67.03,34.43,20.29,1
292,Jessore (11407),1994,4,68.57,35.96,23.01,51
293,Jessore (11407),1994,5,73.87,36.54,25.48,175
294,Jessore (11407),1994,6,85.17,32.54,26.24,365
295,Jessore (11407),1994,7,85.55,32.5,26.23,225
296,Jessore (11407),1994,8,86.23,32.19,25.94,253
297,Jessore (11407),1994,9,80.6,33.56,24.97,83
298,Jessore (11407),1994,10,76.55,33.4,23,64
299,Jessore (11407),1994,11,75.53,29.58,17.76,2
300,Jessore (11407),1994,12,69.9,27.39,11.49,0
301,Jessore (11407),1995,1,70.58,24.5,10.14,17
302,Jessore (11407),1995,2,73.54,27.88,14.22,25
303,Jessore (11407),1995,3,63.39,33.4,18.43,18
304,Jessore (11407),1995,4,66.53,37.96,24.29,5
305,Jessore (11407),1995,5,73.58,36.73,26.85,88
306,Jessore (11407),1995,6,82.9,33.72,26.67,196
307,Jessore (11407),1995,7,87.39,31.68,26.11,279
308,Jessore (11407),1995,8,85.35,32.3,26.13,288
309,Jessore (11407),1995,9,86.33,32.31,25.77,270
310,Jessore (11407),1995,10,81.74,32.45,23.45,95
311,Jessore (11407),1995,11,78.2,29.24,18.56,113
312,Jessore (11407),1995,12,75.1,26.63,12.3,3
313,Jessore (11407),1996,1,79.94,25.16,11.53,39
314,Jessore (11407),1996,2,75.59,28.54,14.21,20
315,Jessore (11407),1996,3,71.1,34.2,21.11,22
316,Jessore (11407),1996,4,72.73,35.97,22.75,90
317,Jessore (11407),1996,5,77.29,35.99,25.18,146
318,Jessore (11407),1996,6,85.03,32.93,25.2,350
319,Jessore (11407),1996,7,87.61,32.5,26.06,271
320,Jessore (11407),1996,8,89.45,31.71,25.66,380
321,Jessore (11407),1996,9,86.5,33.67,25.54,195
322,Jessore (11407),1996,10,83.71,32.25,22.3,257
323,Jessore (11407),1996,11,80.17,30.58,16.97,5
324,Jessore (11407),1996,12,78.06,26.88,12.14,0
325,Jessore (11407),1997,1,77.29,25.01,10.15,9
326,Jessore (11407),1997,2,75.96,27.3,14.23,39
327,Jessore (11407),1997,3,76.19,32.95,20.59,51
328,Jessore (11407),1997,4,76.37,32.61,21.2,64
329,Jessore (11407),1997,5,75.26,36.04,24.42,116
330,Jessore (11407),1997,6,84.33,34.31,25.3,231
331,Jessore (11407),1997,7,88.84,32.63,26.22,406
332,Jessore (11407),1997,8,88.48,32.84,26.16,227
333,Jessore (11407),1997,9,88.63,32.49,25.29,361
334,Jessore (11407),1997,10,81.39,32.96,21.61,15
335,Jessore (11407),1997,11,80.43,30.93,18.6,14
336,Jessore (11407),1997,12,83.58,24.96,13.26,20
337,Jessore (11407),1998,1,83.1,22.59,10.97,44
338,Jessore (11407),1998,2,77.89,27.97,15.49,26
339,Jessore (11407),1998,3,73.35,30.45,17.39,141
340,Jessore (11407),1998,4,78.57,33.83,23.07,130
341,Jessore (11407),1998,5,79.58,34.85,25.61,216
342,Jessore (11407),1998,6,82.8,35.17,27.4,163
343,Jessore (11407),1998,7,87.48,33.08,26.66,181
344,Jessore (11407),1998,8,87.74,32.92,26.5,209
345,Jessore (11407),1998,9,86.43,32.86,25.66,174
346,Jessore (11407),1998,10,85,33.99,24.73,88
347,Jessore (11407),1998,11,83.43,31.27,20.24,118
348,Jessore (11407),1998,12,80.81,28.28,13.32,0
349,Jessore (11407),1999,1,77.58,26.33,11.25,0
350,Jessore (11407),1999,2,73.32,31,15.24,0
351,Jessore (11407),1999,3,67.13,35.21,19.86,0
352,Jessore (11407),1999,4,73.07,37.11,25.08,22
353,Jessore (11407),1999,5,77.68,35.52,25.5,141
354,Jessore (11407),1999,6,83.33,33.97,26.07,244
355,Jessore (11407),1999,7,88.52,32.47,25.75,356
356,Jessore (11407),1999,8,87.68,32.82,25.95,251
357,Jessore (11407),1999,9,87.8,32.34,25.48,301
358,Jessore (11407),1999,10,86.48,32.41,24.24,151
359,Jessore (11407),1999,11,79.67,30.83,17.81,1
360,Jessore (11407),1999,12,79.19,28,13.7,0
361,Jessore (11407),2000,1,79.35,26.09,11.21,1
362,Jessore (11407),2000,2,73.34,26.91,14.66,19
363,Jessore (11407),2000,3,69.68,33.3,18.97,7
364,Jessore (11407),2000,4,75.1,35.83,23.79,74
365,Jessore (11407),2000,5,80.32,35.05,24.88,164
366,Jessore (11407),2000,6,84.27,33.93,25.7,209
367,Jessore (11407),2000,7,85.84,33.03,26.02,486
368,Jessore (11407),2000,8,85.29,33.49,25.95,239
369,Jessore (11407),2000,9,86.7,32.62,25.22,467
370,Jessore (11407),2000,10,85.84,32.57,23.91,145
371,Jessore (11407),2000,11,81.37,31.28,18.32,0
372,Jessore (11407),2000,12,78.65,27.28,11.65,0
373,Jessore (11407),2001,1,77.06,25.86,9.45,0
374,Jessore (11407),2001,2,73.21,30.21,14.1,0
375,Jessore (11407),2001,3,71.1,33.55,19.46,56
376,Jessore (11407),2001,4,74.6,35.68,23.46,29
377,Jessore (11407),2001,5,79.65,34.5,24.17,317
378,Jessore (11407),2001,6,87.63,32.18,25.71,498
379,Jessore (11407),2001,7,87.03,32.43,26.26,317
380,Jessore (11407),2001,8,85.13,33.73,26.4,109
381,Jessore (11407),2001,9,86.27,33.75,25.64,137
382,Jessore (11407),2001,10,85.74,33.43,23.89,134
383,Jessore (11407),2001,11,83.23,30.77,19.42,14
384,Jessore (11407),2001,12,81.45,27.28,12.12,0
385,Jessore (11407),2002,1,79.32,26.29,12.18,18
386,Jessore (11407),2002,2,69.96,29.91,14.05,0
387,Jessore (11407),2002,3,69.35,33.93,19.49,22
388,Jessore (11407),2002,4,77.3,34.14,23.17,161
389,Jessore (11407),2002,5,78.87,35.05,25.02,264
390,Jessore (11407),2002,6,86.03,33.4,25.88,535
391,Jessore (11407),2002,7,86,33.99,26.73,524
392,Jessore (11407),2002,8,87.13,32.75,26.1,231
393,Jessore (11407),2002,9,87.27,33.2,25.35,221
394,Jessore (11407),2002,10,84.13,33.01,22.48,32
395,Jessore (11407),2002,11,82.87,30.32,17.97,112
396,Jessore (11407),2002,12,82.55,27.44,13.24,0
397,Jessore (11407),2003,1,81.52,23.78,9.3,0
398,Jessore (11407),2003,2,76.43,29.24,15.73,5
399,Jessore (11407),2003,3,75.89,31.67,18.65,119
400,Jessore (11407),2003,4,76.7,35.94,24.03,49
401,Jessore (11407),2003,5,73.82,36.82,25.02,72
402,Jessore (11407),2003,6,83.52,34.07,25.86,404
403,Jessore (11407),2003,7,85.3,33.63,26.21,427
404,Jessore (11407),2003,8,83.8,33.95,26.24,177
405,Jessore (11407),2003,9,87.12,33.41,25.71,148
406,Jessore (11407),2003,10,88.44,32.13,23.98,466
407,Jessore (11407),2003,11,80.09,31.12,16.95,0
408,Jessore (11407),2003,12,83.49,26.45,13.17,25
409,Jessore (11407),2004,1,83.53,24.15,11.38,3
410,Jessore (11407),2004,2,74.06,29.28,13.73,0
411,Jessore (11407),2004,3,72.5,33.93,20.39,9
412,Jessore (11407),2004,4,76.93,35.2,23.51,70
413,Jessore (11407),2004,5,73.4,37.34,25.32,138
414,Jessore (11407),2004,6,85.13,34.16,25.37,305
415,Jessore (11407),2004,7,86.07,33.17,25.78,398
416,Jessore (11407),2004,8,87.46,32.75,25.93,347
417,Jessore (11407),2004,9,88.26,32.14,25.33,917
418,Jessore (11407),2004,10,84.26,31.92,22.5,257
419,Jessore (11407),2004,11,80.34,30.62,16.26,0
420,Jessore (11407),2004,12,82.67,27.65,13.85,0
421,Jessore (11407),2005,1,81.51,25.3,11.78,33
422,Jessore (11407),2005,2,75.68,30.17,15.87,16
423,Jessore (11407),2005,3,75.46,33.84,20.55,129
424,Jessore (11407),2005,4,73.91,36.26,23.74,31
425,Jessore (11407),2005,5,75.96,36.61,25.5,59
426,Jessore (11407),2005,6,80.11,36.79,26.59,141
427,Jessore (11407),2005,7,87.28,32.45,25.84,546
428,Jessore (11407),2005,8,86.03,33.39,26.09,115
429,Jessore (11407),2005,9,84.84,34.11,25.81,194
430,Jessore (11407),2005,10,87.94,31.1,23.53,412
431,Jessore (11407),2005,11,81.34,30.19,16.68,2
432,Jessore (11407),2005,12,79.18,27.74,12.57,0
433,Jessore (11407),2006,1,78.21,27.11,10.28,0
434,Jessore (11407),2006,2,74.54,32.87,16.84,0
435,Jessore (11407),2006,3,68.7,34.91,19.15,1
436,Jessore (11407),2006,4,74.27,36.1,24.19,52
437,Jessore (11407),2006,5,78.38,35.63,24.63,302
438,Jessore (11407),2006,6,85.11,34.61,26.51,214
439,Jessore (11407),2006,7,87.7,32.75,26.23,455
440,Jessore (11407),2006,8,86.44,33.23,26.01,316
441,Jessore (11407),2006,9,86.66,33.3,25.66,400
442,Jessore (11407),2006,10,83.33,33.3,23.38,16
443,Jessore (11407),2006,11,81.27,30.25,17.9,13
444,Jessore (11407),2006,12,80.04,27.86,12.06,0
445,Jessore (11407),2007,1,77.8,26.24,9.94,0
446,Jessore (11407),2007,2,80.81,27.96,15.7,66
447,Jessore (11407),2007,3,71.35,32.37,17.88,21
448,Jessore (11407),2007,4,74.97,35.61,23.97,62
449,Jessore (11407),2007,5,75.81,36.41,25.47,159
450,Jessore (11407),2007,6,82.31,34.5,26.32,289
451,Jessore (11407),2007,7,87.54,32.61,26.05,735
452,Jessore (11407),2007,8,84.62,33.15,26.29,299
453,Jessore (11407),2007,9,85.74,33.06,25.89,259
454,Jessore (11407),2007,10,83.25,32.75,23.02,116
455,Jessore (11407),2007,11,82.51,29.95,18.91,113
456,Jessore (11407),2007,12,80.48,26.74,11.21,0
457,Jessore (11407),2008,1,80.14,25.58,11.2,70
458,Jessore (11407),2008,2,76.43,27.06,13.12,35
459,Jessore (11407),2008,3,77.14,33.11,20.76,37
460,Jessore (11407),2008,4,75.55,35.95,23.31,39
461,Jessore (11407),2008,5,75.57,36.73,24.24,208
462,Jessore (11407),2008,6,84.09,33.59,25.75,242
463,Jessore (11407),2008,7,87.98,32.72,26.03,459
464,Jessore (11407),2008,8,85.89,33.43,26.08,204
465,Jessore (11407),2008,9,86.61,33.33,25.39,415
466,Jessore (11407),2008,10,84.29,32.5,22.25,179
467,Jessore (11407),2008,11,80.29,30.84,16.89,0
468,Jessore (11407),2008,12,84.98,26.96,14.55,0
469,Jessore (11407),2009,1,81.42,27.32,12.76,0
470,Jessore (11407),2009,2,74.46,30.8,14.28,7
471,Jessore (11407),2009,3,70.35,34.49,18.73,33
472,Jessore (11407),2009,4,70.8,38.16,24.5,0
473,Jessore (11407),2009,5,75.58,36.34,25.32,170
474,Jessore (11407),2009,6,78.47,35.86,26.51,169
475,Jessore (11407),2009,7,84.48,33.29,25.97,369
476,Jessore (11407),2009,8,86.61,33.31,25.68,386
477,Jessore (11407),2009,9,83.77,33.86,25.61,438
478,Jessore (11407),2009,10,81.16,33.19,22,94
479,Jessore (11407),2009,11,77.73,31.06,17.47,1
480,Jessore (11407),2009,12,78.68,27.36,11.05,1
481,Jessore (11407),2010,1,78.23,24.71,9.81,0
482,Jessore (11407),2010,2,71.36,30.26,14.18,8
483,Jessore (11407),2010,3,69.06,35.84,21.78,11
484,Jessore (11407),2010,4,70.93,37.62,26.23,37
485,Jessore (11407),2010,5,76.35,35.68,25.6,264
486,Jessore (11407),2010,6,82,34.67,26.56,329
487,Jessore (11407),2010,7,81.26,33.95,26.69,155
488,Jessore (11407),2010,8,82.06,34.12,26.46,232
489,Jessore (11407),2010,9,83.5,33.79,25.69,186
490,Jessore (11407),2010,10,82.06,33.19,23.78,122
491,Jessore (11407),2010,11,78.73,31.41,18.93,4
492,Jessore (11407),2010,12,79.23,26.31,11.78,32
493,Jessore (11407),2011,1,77.71,24.82,9.31,0
494,Jessore (11407),2011,2,71.21,29.56,14,0
495,Jessore (11407),2011,3,70.29,33.48,19.21,34
496,Jessore (11407),2011,4,73.2,35.05,22.42,33
497,Jessore (11407),2011,5,75.84,35.44,25,132
498,Jessore (11407),2011,6,81.6,34.23,26.08,314
499,Jessore (11407),2011,7,82.1,33.19,26.24,296
500,Jessore (11407),2011,8,86.65,31.97,25.95,306
501,Jessore (11407),2011,9,85.3,32.71,25.57,227
502,Jessore (11407),2011,10,79.42,34.05,23.25,18
503,Jessore (11407),2011,11,79.27,30.72,16.71,1
504,Jessore (11407),2011,12,81.52,26.09,12.1,0
505,Jessore (11407),2012,1,80.35,24.75,11.79,31
506,Jessore (11407),2012,2,71.69,29.48,13.16,4
507,Jessore (11407),2012,3,67.77,34.6,19.73,5
508,Jessore (11407),2012,4,72.6,35.33,23.31,82
509,Jessore (11407),2012,5,69.1,37.64,25.78,36
510,Jessore (11407),2012,6,77.03,36.1,27.16,221
511,Jessore (11407),2012,7,84.74,33.07,26.73,334
512,Jessore (11407),2012,8,84.29,33.17,26.38,187
513,Jessore (11407),2012,9,84.53,33.5,25.91,271
514,Jessore (11407),2012,10,81.58,33.07,22.15,71
515,Jessore (11407),2012,11,78.83,29.41,16.79,61
516,Jessore (11407),2012,12,81.45,25.36,11.96,2
517,Jessore (11407),2013,1,77.35,24.77,9.34,6
518,Jessore (11407),2013,2,71.04,29.15,13.57,15
519,Jessore (11407),2013,3,65.65,34.46,19.62,8
520,Jessore (11407),2013,4,67.33,35.93,23.56,63
521,Jessore (11407),2013,5,79.77,33.87,25.27,278
522,Jessore (11407),2013,6,81.33,34.01,26.48,203
523,Jessore (11407),2013,7,82.55,33.17,26.5,249
524,Jessore (11407),2013,8,84.94,32.91,25.99,309
525,Jessore (11407),2013,9,84.67,33.33,25.89,322
526,Jessore (11407),2013,10,85.29,31.86,23.93,223
527,Jessore (11407),2013,11,75.87,30.74,16.07,0
528,Jessore (11407),2013,12,78.29,27.17,13.08,0
529,Jessore (11407),2014,1,80.94,24.04,10.97,0
530,Jessore (11407),2014,2,72.79,28.04,13.59,19
531,Jessore (11407),2014,3,66.26,33.38,18.42,10
532,Jessore (11407),2014,4,63.27,38.03,24.27,0
533,Jessore (11407),2014,5,67.94,37.52,26.04,165
534,Jessore (11407),2014,6,80.73,34.21,26.45,286
535,Jessore (11407),2014,7,83.74,32.94,26.68,435
536,Jessore (11407),2014,8,83.1,33.47,26.33,180
537,Jessore (11407),2014,9,81.57,33.54,25.71,186
538,Jessore (11407),2014,10,81.19,32.78,22.52,37
539,Jessore (11407),2014,11,75.7,31.03,15.91,0
540,Jessore (11407),2014,12,81.29,25.86,11.7,0
541,Jessore (11407),2015,1,78.81,25.5,12,2
542,Jessore (11407),2015,2,74.93,29.26,15.38,93
543,Jessore (11407),2015,3,65.94,33.03,18.63,25
544,Jessore (11407),2015,4,73.97,34.22,23.27,108
545,Jessore (11407),2015,5,73.74,36.36,25.99,125
546,Jessore (11407),2015,6,79.43,34.31,26.68,379
547,Jessore (11407),2015,7,84.87,32.36,25.79,561
548,Jessore (11407),2015,8,83.45,33.17,26.81,281
549,Jessore (11407),2015,9,81.17,34.04,26.23,247
550,Jessore (11407),2015,10,80.61,33.58,23.37,43
551,Jessore (11407),2015,11,78.4,31.33,17.94,0
552,Jessore (11407),2015,12,80.06,26.65,13.87,3
553,Jessore (11407),2016,1,78.52,25.61,11.03,3
554,Jessore (11407),2016,2,74.69,30.5,17.61,21
555,Jessore (11407),2016,3,68.84,34.46,21.08,60
556,Jessore (11407),2016,4,69.53,37.42,25.77,10
557,Jessore (11407),2016,5,73.87,35.67,25.02,269
558,Jessore (11407),2016,6,77.97,34.32,26.07,241
559,Jessore (11407),2016,7,83.84,32.82,26.12,370
560,Jessore (11407),2016,8,81.13,32.92,26.5,204
561,Jessore (11407),2016,9,81.33,33.21,26.51,76
562,Jessore (11407),2016,10,79.32,33.85,24.08,66
563,Jessore (11407),2016,11,80.73,29.85,17.46,46
564,Jessore (11407),2016,12,81.19,27.22,13.3,0
565,Jessore (11407),2017,1,77.61,26.38,11.21,0
566,Jessore (11407),2017,2,70.25,30.07,14.72,0
567,Jessore (11407),2017,3,69.71,32.55,19.28,24
568,Jessore (11407),2017,4,71.23,35.69,24.23,138
569,Jessore (11407),2017,5,73.16,36.11,25.89,186
570,Jessore (11407),2017,6,78.73,34.63,26.27,245
571,Jessore (11407),2017,7,84.16,32.41,26.28,663
572,Jessore (11407),2017,8,81.58,33.54,26.91,311
573,Jessore (11407),2017,9,81.9,34.62,26.63,172
574,Jessore (11407),2017,10,82.97,32.42,24.57,383
575,Jessore (11407),2017,11,78.07,30.43,17.57,26
576,Jessore (11407),2017,12,82.61,27.06,13.55,30
577,Jessore (11407),2018,1,78.48,24.35,8.94,0
578,Jessore (11407),2018,2,71.71,30.31,15.43,3
579,Jessore (11407),2018,3,68.55,34.58,20.59,11
580,Jessore (11407),2018,4,72.27,34.87,22.67,186
581,Jessore (11407),2018,5,77.81,34.15,24.3,148
582,Jessore (11407),2018,6,79.03,35.12,26.35,101
583,Jessore (11407),2018,7,82.87,33.53,26.61,412
584,Jessore (11407),2018,8,82.03,33.88,26.7,130
585,Jessore (11407),2018,9,81.27,34.63,26.04,76
586,Jessore (11407),2018,10,80.23,32.99,21.84,63
587,Jessore (11407),2018,11,78.73,30.99,16.76,1
588,Jessore (11407),2018,12,76.81,26.05,12,11
589,Jessore (11407),2019,1,72.87,,,0
590,Jessore (11407),2019,2,72.07,,,107
591,Jessore (11407),2019,3,70.52,,,68
592,Jessore (11407),2019,4,73.77,,,173
593,Jessore (11407),2019,5,74.84,,,122
594,Jessore (11407),2019,6,77.33,,,134
595,Jessore (11407),2019,7,80.97,,,219
596,Jessore (11407),2019,8,82.45,,,238
597,Jessore (11407),2019,9,83.23,,,0
598,Jessore (11407),2019,10,81.42,,,0
599,Jessore (11407),2019,11,79.17,,,0
600,Jessore (11407),2019,12,80,,,0
601,Jessore (11407),2020,1,79,,,0
602,Jessore (11407),2020,2,72.69,,,0
603,Jessore (11407),2020,3,68.55,,,
604,Jessore (11407),2020,4,71.97,,,
605,Jessore (11407),2020,5,76.16,,,
606,Jessore (11407),2020,6,83.43,,,
607,Jessore (11407),2020,7,82,,,
608,Jessore (11407),2020,8,84.87,,,
609,Jessore (11407),2020,9,83.2,,,
610,Jessore (11407),2020,10,83.65,,,
611,Jessore (11407),2020,11,76.1,,,0
612,Jessore (11407),2020,12,78.1,,,0
613,Khulna (11604),1970,1,73.61,27.02,14.28,0
614,Khulna (11604),1970,2,71,30.17,16.85,0
615,Khulna (11604),1970,3,69.77,33.4,21.87,0
616,Khulna (11604),1970,4,74.47,35.37,25.58,51
617,Khulna (11604),1970,5,78.32,35.38,26.48,129
618,Khulna (11604),1970,6,85.33,32.55,26.53,548
619,Khulna (11604),1970,7,87.68,31.83,26.35,634
620,Khulna (11604),1970,8,86.81,31.72,26.21,270
621,Khulna (11604),1970,9,86.3,32.34,26.33,115
622,Khulna (11604),1970,10,82.13,32.41,24.81,190
623,Khulna (11604),1970,11,76.87,31.2,19.66,13
624,Khulna (11604),1970,12,75.39,28.8,14.3,0
625,Khulna (11604),1971,1,73.61,26.04,12.9,0
626,Khulna (11604),1971,2,71,29.02,15.84,0
627,Khulna (11604),1971,3,69.77,34.2,20.6,26
628,Khulna (11604),1971,4,74.47,34.65,24.11,38
629,Khulna (11604),1971,5,78.32,34.15,25.42,90
630,Khulna (11604),1971,6,85.33,31.66,25.79,121
631,Khulna (11604),1971,7,87.68,31.25,25.82,122
632,Khulna (11604),1971,8,86.81,30.68,25.5,198
633,Khulna (11604),1971,9,86.3,33.22,26.38,126
634,Khulna (11604),1971,10,82.13,32.66,24.49,132
635,Khulna (11604),1971,11,76.87,29.43,19.55,8
636,Khulna (11604),1971,12,75.39,26.93,14.3,1
637,Khulna (11604),1972,1,73.61,27.42,13.73,0
638,Khulna (11604),1972,2,71,28.16,15.58,5
639,Khulna (11604),1972,3,69.77,34.27,21.66,10
640,Khulna (11604),1972,4,74.47,35.47,24.01,79
641,Khulna (11604),1972,5,78.32,35.85,26.96,154
642,Khulna (11604),1972,6,85.33,32.66,26.13,331
643,Khulna (11604),1972,7,87.68,32.97,26.5,201
644,Khulna (11604),1972,8,86.81,31.68,26.19,277
645,Khulna (11604),1972,9,86.3,32.14,25.91,223
646,Khulna (11604),1972,10,82.13,31.74,24.1,125
647,Khulna (11604),1972,11,76.87,29.71,19.49,19
648,Khulna (11604),1972,12,75.39,26.78,14.32,1
649,Khulna (11604),1973,1,73.61,26.04,12.9,3
650,Khulna (11604),1973,2,71,29.02,15.84,12
651,Khulna (11604),1973,3,69.77,33.26,20.72,33
652,Khulna (11604),1973,4,74.47,34.97,24.11,53
653,Khulna (11604),1973,5,78.32,34.37,25.42,394
654,Khulna (11604),1973,6,85.33,32.96,26.13,312
655,Khulna (11604),1973,7,87.68,31.11,26.06,204
656,Khulna (11604),1973,8,86.81,31.46,26.19,208
657,Khulna (11604),1973,9,86.3,32.01,25.91,199
658,Khulna (11604),1973,10,82.13,31.74,24.1,125
659,Khulna (11604),1973,11,76.87,29.71,19.49,19
660,Khulna (11604),1973,12,75.39,26.76,14.33,4
661,Khulna (11604),1974,1,73.74,25.98,13.05,37
662,Khulna (11604),1974,2,53.79,28.91,15.31,0
663,Khulna (11604),1974,3,65.16,32.59,21.28,174
664,Khulna (11604),1974,4,74.57,33.83,24.55,37
665,Khulna (11604),1974,5,74.35,33.75,25.44,301
666,Khulna (11604),1974,6,82.2,32.65,25.98,251
667,Khulna (11604),1974,7,88.03,30.75,25.46,792
668,Khulna (11604),1974,8,84.32,31.52,26.39,442
669,Khulna (11604),1974,9,85.13,30.64,25.06,452
670,Khulna (11604),1974,10,79.03,31.47,25.2,312
671,Khulna (11604),1974,11,69.6,29.53,21.03,1
672,Khulna (11604),1974,12,65.52,25.33,13.85,0
673,Khulna (11604),1975,1,73.61,26.04,12.9,3
674,Khulna (11604),1975,2,71,29.02,15.84,12
675,Khulna (11604),1975,3,69.77,33.26,20.72,33
676,Khulna (11604),1975,4,74.47,34.65,24.11,65
677,Khulna (11604),1975,5,78.32,34.41,25.42,163
678,Khulna (11604),1975,6,85.33,32.66,26.13,331
679,Khulna (11604),1975,7,87.68,31.6,26.06,330
680,Khulna (11604),1975,8,86.81,31.68,26.19,277
681,Khulna (11604),1975,9,86.3,32.14,25.91,223
682,Khulna (11604),1975,10,82.13,31.74,24.1,125
683,Khulna (11604),1975,11,76.87,29.71,19.49,19
684,Khulna (11604),1975,12,75.39,26.78,14.32,1
685,Khulna (11604),1976,1,62.61,26.4,13.61,0
686,Khulna (11604),1976,2,64.86,28.76,17,70
687,Khulna (11604),1976,3,60.81,33.54,22.15,0
688,Khulna (11604),1976,4,63.67,34.97,24.11,59
689,Khulna (11604),1976,5,77.16,33.48,24.89,288
690,Khulna (11604),1976,6,81.93,33.04,25.81,340
691,Khulna (11604),1976,7,85.55,31.49,25.92,305
692,Khulna (11604),1976,8,86.06,30.58,25.45,378
693,Khulna (11604),1976,9,84.27,31.87,25.72,363
694,Khulna (11604),1976,10,74.06,32.37,24.26,114
695,Khulna (11604),1976,11,71.2,30.91,22.01,11
696,Khulna (11604),1976,12,62.39,26.84,14.86,0
697,Khulna (11604),1977,1,73.61,25.65,13.46,4
698,Khulna (11604),1977,2,71,29.26,15.38,2
699,Khulna (11604),1977,3,69.77,34.29,22.42,0
700,Khulna (11604),1977,4,74.47,33.55,23.96,157
701,Khulna (11604),1977,5,78.32,32.94,24.41,245
702,Khulna (11604),1977,6,85.33,31.63,26.06,379
703,Khulna (11604),1977,7,87.68,31.6,26.06,330
704,Khulna (11604),1977,8,86.81,31.9,26.34,276
705,Khulna (11604),1977,9,86.3,32.46,26.31,114
706,Khulna (11604),1977,10,82.13,31.74,24.1,125
707,Khulna (11604),1977,11,76.87,29.25,20.84,29
708,Khulna (11604),1977,12,75.39,26.06,15.23,11
709,Khulna (11604),1978,1,66.32,24.67,12.22,0
710,Khulna (11604),1978,2,65.14,28.16,16.16,3
711,Khulna (11604),1978,3,66.32,32.88,19.06,19
712,Khulna (11604),1978,4,77.73,34.64,23.24,81
713,Khulna (11604),1978,5,81.77,34.23,24.96,226
714,Khulna (11604),1978,6,87.9,32.38,26.54,436
715,Khulna (11604),1978,7,89.39,31.54,25.42,341
716,Khulna (11604),1978,8,86.71,31.33,26.59,301
717,Khulna (11604),1978,9,86.77,31.33,25.71,453
718,Khulna (11604),1978,10,78.81,32,25.16,127
719,Khulna (11604),1978,11,69.53,30.97,21.3,0
720,Khulna (11604),1978,12,66,26.81,15.36,0
721,Khulna (11604),1979,1,71.35,26.23,15.08,12
722,Khulna (11604),1979,2,65.64,27.28,15.65,26
723,Khulna (11604),1979,3,63.23,33.43,21.05,1
724,Khulna (11604),1979,4,74.07,34.6,24.18,12
725,Khulna (11604),1979,5,73,35.64,26.55,97
726,Khulna (11604),1979,6,81.43,32.63,26.64,356
727,Khulna (11604),1979,7,84.23,32.53,26.58,533
728,Khulna (11604),1979,8,85.19,31.82,26.61,433
729,Khulna (11604),1979,9,83.43,32.76,26.02,239
730,Khulna (11604),1979,10,75.26,32.45,24.97,93
731,Khulna (11604),1979,11,72.7,31.81,23.01,0
732,Khulna (11604),1979,12,74.52,26.03,16.56,31
733,Khulna (11604),1980,1,75.48,25.52,14.66,0
734,Khulna (11604),1980,2,71.62,27.05,16.56,101
735,Khulna (11604),1980,3,70.74,32.3,21.79,151
736,Khulna (11604),1980,4,80.77,35.5,26.13,23
737,Khulna (11604),1980,5,82.52,33.68,25.17,222
738,Khulna (11604),1980,6,89.17,32.38,26.59,348
739,Khulna (11604),1980,7,91.42,30.85,26.14,300
740,Khulna (11604),1980,8,87.94,31.39,26.61,421
741,Khulna (11604),1980,9,87.27,31.76,26.6,137
742,Khulna (11604),1980,10,85.61,30.78,24.02,126
743,Khulna (11604),1980,11,76.27,28.76,18.77,0
744,Khulna (11604),1980,12,77.16,25.82,13.95,1
745,Khulna (11604),1981,1,78.52,24.57,12.62,23
746,Khulna (11604),1981,2,75.36,27.87,15.62,42
747,Khulna (11604),1981,3,75.52,30.94,19.56,220
748,Khulna (11604),1981,4,81.3,31.13,22.82,347
749,Khulna (11604),1981,5,84.03,32.13,24.54,236
750,Khulna (11604),1981,6,84.83,32.19,26.3,227
751,Khulna (11604),1981,7,89.74,30.56,25.98,425
752,Khulna (11604),1981,8,86.42,31.61,26.7,268
753,Khulna (11604),1981,9,87.8,31.31,26.38,188
754,Khulna (11604),1981,10,79.55,32.45,24.33,29
755,Khulna (11604),1981,11,75.47,29.55,18.27,0
756,Khulna (11604),1981,12,77,24.33,13.56,65
757,Khulna (11604),1982,1,72.9,26.35,12.6,0
758,Khulna (11604),1982,2,72.5,27.59,15.85,15
759,Khulna (11604),1982,3,70.42,30.89,19.41,23
760,Khulna (11604),1982,4,78.97,33.76,23.49,135
761,Khulna (11604),1982,5,74.39,35.51,25.89,30
762,Khulna (11604),1982,6,85.7,32.3,26.05,340
763,Khulna (11604),1982,7,84.84,32.11,26.95,129
764,Khulna (11604),1982,8,89.48,30.31,26.08,386
765,Khulna (11604),1982,9,86.1,31.83,25.83,268
766,Khulna (11604),1982,10,81.39,31.88,24.32,22
767,Khulna (11604),1982,11,79.03,28.14,18.49,29
768,Khulna (11604),1982,12,74.52,25.85,12.48,3
769,Khulna (11604),1983,1,76.19,24.94,12.4,49
770,Khulna (11604),1983,2,73.39,26.67,14.91,60
771,Khulna (11604),1983,3,74.48,31.56,21.43,37
772,Khulna (11604),1983,4,73.53,34.28,23.16,163
773,Khulna (11604),1983,5,80.87,33.83,24.19,358
774,Khulna (11604),1983,6,87.17,33.14,25.93,302
775,Khulna (11604),1983,7,88.52,31.39,25.98,362
776,Khulna (11604),1983,8,88.61,30.87,26.3,448
777,Khulna (11604),1983,9,89.33,31.16,26.01,244
778,Khulna (11604),1983,10,87.06,30.91,23.69,276
779,Khulna (11604),1983,11,81.33,29.51,18.55,6
780,Khulna (11604),1983,12,82.68,24.34,12.44,6
781,Khulna (11604),1984,1,80.39,24.94,11.72,32
782,Khulna (11604),1984,2,76.03,27.34,13.17,1
783,Khulna (11604),1984,3,76.19,34.55,18.97,0
784,Khulna (11604),1984,4,86.2,35.06,23.79,97
785,Khulna (11604),1984,5,84.35,33.8,25.6,227
786,Khulna (11604),1984,6,88.4,31.13,25.66,783
787,Khulna (11604),1984,7,89.52,31.18,26,300
788,Khulna (11604),1984,8,89.26,31.53,26.13,486
789,Khulna (11604),1984,9,89.87,31.88,25.32,159
790,Khulna (11604),1984,10,88.19,32.1,24.51,80
791,Khulna (11604),1984,11,79.77,29.3,16.66,0
792,Khulna (11604),1984,12,81.45,26.54,12.73,6
793,Khulna (11604),1985,1,82.84,26.25,13,9
794,Khulna (11604),1985,2,72.75,28.86,13.76,6
795,Khulna (11604),1985,3,81.13,34.6,22.2,30
796,Khulna (11604),1985,4,81.17,35.33,24.88,35
797,Khulna (11604),1985,5,80.81,34.13,24.56,158
798,Khulna (11604),1985,6,86.53,33.19,26.2,308
799,Khulna (11604),1985,7,88.16,31.24,25.69,161
800,Khulna (11604),1985,8,86.97,31.85,26.42,344
801,Khulna (11604),1985,9,87.3,32.07,26.05,143
802,Khulna (11604),1985,10,83.84,31.93,23.62,136
803,Khulna (11604),1985,11,81,29.69,17.83,12
804,Khulna (11604),1985,12,77.77,27.44,13.13,0
805,Khulna (11604),1986,1,77.97,25.67,11.35,8
806,Khulna (11604),1986,2,70.21,29.46,14.47,0
807,Khulna (11604),1986,3,70.87,35.24,19.24,1
808,Khulna (11604),1986,4,80.7,34.81,23.39,147
809,Khulna (11604),1986,5,81.32,34.27,23.75,251
810,Khulna (11604),1986,6,85.47,33.76,26.12,239
811,Khulna (11604),1986,7,89.06,31.81,25.46,390
812,Khulna (11604),1986,8,85.06,32.95,25.5,215
813,Khulna (11604),1986,9,88.63,31.49,25.01,643
814,Khulna (11604),1986,10,85.48,31.23,22.95,168
815,Khulna (11604),1986,11,82.73,29.42,20.31,152
816,Khulna (11604),1986,12,79.06,26.57,14.65,1
817,Khulna (11604),1987,1,75.97,25.79,11.67,2
818,Khulna (11604),1987,2,71.18,29.86,14.78,3
819,Khulna (11604),1987,3,68.94,33.21,19.54,55
820,Khulna (11604),1987,4,77.83,35.02,23.35,134
821,Khulna (11604),1987,5,79.42,35.69,24.35,113
822,Khulna (11604),1987,6,82.2,34.72,26.59,315
823,Khulna (11604),1987,7,89.65,31.95,25.53,517
824,Khulna (11604),1987,8,86.81,32.71,25.65,498
825,Khulna (11604),1987,9,88.73,32.95,25.45,189
826,Khulna (11604),1987,10,81.13,33.03,23.6,41
827,Khulna (11604),1987,11,80.33,29.83,20.09,48
828,Khulna (11604),1987,12,80.94,26.75,14.84,7
829,Khulna (11604),1988,1,77,26.45,12.4,0
830,Khulna (11604),1988,2,74.55,30.01,15.73,50
831,Khulna (11604),1988,3,73.16,33.25,20.49,18
832,Khulna (11604),1988,4,76.53,35.52,24.22,53
833,Khulna (11604),1988,5,82.35,33.62,25.72,305
834,Khulna (11604),1988,6,86.63,32.05,26.15,599
835,Khulna (11604),1988,7,86.94,32.01,26.36,326
836,Khulna (11604),1988,8,87.84,31.78,26.54,302
837,Khulna (11604),1988,9,84.7,33.3,26.36,67
838,Khulna (11604),1988,10,82,32.01,23.56,95
839,Khulna (11604),1988,11,80.3,29.78,18.99,140
840,Khulna (11604),1988,12,80.84,26.6,15.67,0
841,Khulna (11604),1989,1,72.87,24.39,9.96,0
842,Khulna (11604),1989,2,69.82,28.9,14.39,8
843,Khulna (11604),1989,3,63.9,33.47,18.95,2
844,Khulna (11604),1989,4,72.97,35.74,24.54,54
845,Khulna (11604),1989,5,79.55,34.7,25.65,185
846,Khulna (11604),1989,6,85.1,33.13,25.91,257
847,Khulna (11604),1989,7,85.42,31.99,26.2,239
848,Khulna (11604),1989,8,84.1,32.37,26.56,80
849,Khulna (11604),1989,9,87.33,32.24,26.07,246
850,Khulna (11604),1989,10,86.35,31.46,24.69,330
851,Khulna (11604),1989,11,81.03,29.93,18.54,0
852,Khulna (11604),1989,12,77.35,26.28,12.63,1
853,Khulna (11604),1990,1,77.19,26.43,11.6,0
854,Khulna (11604),1990,2,77.89,28.73,16.2,62
855,Khulna (11604),1990,3,79.35,29.84,18.95,212
856,Khulna (11604),1990,4,78.5,33.73,23.61,58
857,Khulna (11604),1990,5,80.97,34.3,24.78,261
858,Khulna (11604),1990,6,86.07,33.35,26.56,261
859,Khulna (11604),1990,7,88.68,32.01,25.99,436
860,Khulna (11604),1990,8,84.97,32.65,26.47,206
861,Khulna (11604),1990,9,88.47,32.56,26.06,205
862,Khulna (11604),1990,10,85.39,30.49,23.26,156
863,Khulna (11604),1990,11,81.77,29.86,20.08,77
864,Khulna (11604),1990,12,79.13,27.11,13.21,4
865,Khulna (11604),1991,1,78.06,24.71,11.91,10
866,Khulna (11604),1991,2,75.46,29.81,16.44,54
867,Khulna (11604),1991,3,73.19,33.47,21.47,36
868,Khulna (11604),1991,4,75.37,34.76,24.42,29
869,Khulna (11604),1991,5,81.1,34.28,25.85,100
870,Khulna (11604),1991,6,87.53,32.7,25.83,421
871,Khulna (11604),1991,7,86.16,32.21,26.49,251
872,Khulna (11604),1991,8,86.84,32.11,26.47,338
873,Khulna (11604),1991,9,88.63,32.31,25.89,342
874,Khulna (11604),1991,10,86.39,31.48,23.98,163
875,Khulna (11604),1991,11,79.57,28.78,17.89,4
876,Khulna (11604),1991,12,79.68,25.78,13.49,44
877,Khulna (11604),1992,1,80.35,24.7,10.75,13
878,Khulna (11604),1992,2,78.07,26.61,15.04,203
879,Khulna (11604),1992,3,73.26,33.1,21.26,0
880,Khulna (11604),1992,4,72.17,36.48,23.97,2
881,Khulna (11604),1992,5,80.03,34.3,23.57,192
882,Khulna (11604),1992,6,82.2,34.24,25.31,157
883,Khulna (11604),1992,7,88.35,31.86,25.07,254
884,Khulna (11604),1992,8,86.1,32.28,25.82,198
885,Khulna (11604),1992,9,85.07,32.21,25.58,111
886,Khulna (11604),1992,10,83.97,32.3,24.11,88
887,Khulna (11604),1992,11,80.93,29.58,19.13,0
888,Khulna (11604),1992,12,78.68,26.25,12.55,0
889,Khulna (11604),1993,1,76.45,25.62,11.91,70
890,Khulna (11604),1993,2,74.07,29.51,16.17,52
891,Khulna (11604),1993,3,69.39,31.56,18.16,127
892,Khulna (11604),1993,4,74.7,34.4,23.27,69
893,Khulna (11604),1993,5,82.03,33.6,24.75,211
894,Khulna (11604),1993,6,85.93,32.36,25.81,638
895,Khulna (11604),1993,7,86.77,31.98,26.62,288
896,Khulna (11604),1993,8,87.97,31.73,26.53,290
897,Khulna (11604),1993,9,88.5,31.52,25.58,196
898,Khulna (11604),1993,10,85.58,32.4,24.27,124
899,Khulna (11604),1993,11,80.8,30.27,19.32,14
900,Khulna (11604),1993,12,77.35,27.33,14.06,0
901,Khulna (11604),1994,1,71.39,26.37,12.13,1
902,Khulna (11604),1994,2,72.64,27.26,14.44,15
903,Khulna (11604),1994,3,69.52,33.88,21.05,0
904,Khulna (11604),1994,4,72.9,34.76,23.05,105
905,Khulna (11604),1994,5,77.9,35.07,25.41,115
906,Khulna (11604),1994,6,86.7,32.54,26.55,239
907,Khulna (11604),1994,7,85.81,32.56,26.45,210
908,Khulna (11604),1994,8,86.13,31.69,26.33,217
909,Khulna (11604),1994,9,81.13,32.89,26.05,160
910,Khulna (11604),1994,10,77.94,32.77,24.32,63
911,Khulna (11604),1994,11,76.5,29.56,19.58,5
912,Khulna (11604),1994,12,69.77,27.15,13.07,0
913,Khulna (11604),1995,1,70.23,24.6,11.25,8
914,Khulna (11604),1995,2,72.46,28.35,15.29,104
915,Khulna (11604),1995,3,66.39,33.47,19.36,34
916,Khulna (11604),1995,4,71.2,36.4,24.68,18
917,Khulna (11604),1995,5,78.68,34.86,26.71,181
918,Khulna (11604),1995,6,84.97,33.09,26.69,308
919,Khulna (11604),1995,7,86.55,32.04,26.22,407
920,Khulna (11604),1995,8,85.42,32.39,26,594
921,Khulna (11604),1995,9,86.97,32.09,25.64,303
922,Khulna (11604),1995,10,82.16,32.86,23.21,86
923,Khulna (11604),1995,11,79.63,29.22,19.14,162
924,Khulna (11604),1995,12,72.13,27.16,13.54,0
925,Khulna (11604),1996,1,77.81,26.02,12.6,1
926,Khulna (11604),1996,2,78.83,29.47,13.92,17
927,Khulna (11604),1996,3,77.26,34.48,22.18,1
928,Khulna (11604),1996,4,80.6,35.09,23.57,64
929,Khulna (11604),1996,5,80.52,35.64,25.66,117
930,Khulna (11604),1996,6,84.9,32.93,25.16,453
931,Khulna (11604),1996,7,85.35,32.84,26.19,223
932,Khulna (11604),1996,8,87.06,31.05,25.67,275
933,Khulna (11604),1996,9,84.83,33.42,26.14,70
934,Khulna (11604),1996,10,81.39,32.05,23.21,242
935,Khulna (11604),1996,11,79.37,30.18,18.58,8
936,Khulna (11604),1996,12,75.26,26.95,13.03,0
937,Khulna (11604),1997,1,74.65,25.41,10.97,10
938,Khulna (11604),1997,2,71.54,28.04,14.7,22
939,Khulna (11604),1997,3,73,33.07,20.81,99
940,Khulna (11604),1997,4,76.13,32.14,21.5,80
941,Khulna (11604),1997,5,77.68,34.35,24.31,181
942,Khulna (11604),1997,6,82.9,33.71,25.48,218
943,Khulna (11604),1997,7,87.48,32.08,25.88,456
944,Khulna (11604),1997,8,86.06,32.19,26.01,321
945,Khulna (11604),1997,9,88.7,32.04,25.26,364
946,Khulna (11604),1997,10,80.1,32.25,22.66,44
947,Khulna (11604),1997,11,76.37,31.28,20.03,2
948,Khulna (11604),1997,12,80.52,25.44,13.76,19
949,Khulna (11604),1998,1,81.65,23.28,11.96,59
950,Khulna (11604),1998,2,77.57,28.29,16.51,91
951,Khulna (11604),1998,3,74,30.63,19,213
952,Khulna (11604),1998,4,77.2,33.65,23.45,105
953,Khulna (11604),1998,5,78.06,34.6,26.08,161
954,Khulna (11604),1998,6,82.63,34.14,27.57,175
955,Khulna (11604),1998,7,86.58,32.27,26.58,343
956,Khulna (11604),1998,8,87.39,31.87,26.44,258
957,Khulna (11604),1998,9,85.6,32.67,26.16,300
958,Khulna (11604),1998,10,84.74,33.18,25.24,157
959,Khulna (11604),1998,11,81.23,30.81,21.18,132
960,Khulna (11604),1998,12,78.77,27.95,14.99,0
961,Khulna (11604),1999,1,77.26,26.53,12.47,0
962,Khulna (11604),1999,2,72.57,30.39,15.8,0
963,Khulna (11604),1999,3,67.45,34.76,21.09,0
964,Khulna (11604),1999,4,73.13,35.53,25.91,14
965,Khulna (11604),1999,5,82.97,33.99,25.42,172
966,Khulna (11604),1999,6,85,32.93,26.01,185
967,Khulna (11604),1999,7,88.74,31.73,25.75,420
968,Khulna (11604),1999,8,87.35,32.05,26.06,371
969,Khulna (11604),1999,9,88.83,31.98,25.76,374
970,Khulna (11604),1999,10,86.81,32.13,24.6,160
971,Khulna (11604),1999,11,79.27,30.85,19.21,14
972,Khulna (11604),1999,12,78.74,28.4,14.58,0
973,Khulna (11604),2000,1,78,26.68,12.28,4
974,Khulna (11604),2000,2,74,27.44,15.22,16
975,Khulna (11604),2000,3,69.94,32.95,19.9,18
976,Khulna (11604),2000,4,79.53,34.52,23.82,127
977,Khulna (11604),2000,5,80,34.57,24.57,144
978,Khulna (11604),2000,6,87.37,33.3,25.49,223
979,Khulna (11604),2000,7,88.58,32.29,25.43,405
980,Khulna (11604),2000,8,85.55,33.13,25.67,294
981,Khulna (11604),2000,9,86.33,32.67,24.82,336
982,Khulna (11604),2000,10,85.48,32.65,24.68,161
983,Khulna (11604),2000,11,80.3,31.16,20.26,0
984,Khulna (11604),2000,12,77.03,27.43,13.37,0
985,Khulna (11604),2001,1,74.19,25.85,11,0
986,Khulna (11604),2001,2,73.82,29.88,15.88,129
987,Khulna (11604),2001,3,72,33.22,20.23,21
988,Khulna (11604),2001,4,75.6,35.18,24.6,51
989,Khulna (11604),2001,5,79.74,34.42,24.72,244
990,Khulna (11604),2001,6,89.7,31.46,25.91,354
991,Khulna (11604),2001,7,88.16,31.56,26.27,269
992,Khulna (11604),2001,8,84.61,33.1,27.06,188
993,Khulna (11604),2001,9,87.2,32.93,26.41,207
994,Khulna (11604),2001,10,87.58,32.9,25.08,196
995,Khulna (11604),2001,11,82.77,30.19,21.39,31
996,Khulna (11604),2001,12,80.94,26.93,13.88,0
997,Khulna (11604),2002,1,79.77,26.3,13.68,10
998,Khulna (11604),2002,2,72.25,29.63,15.3,0
999,Khulna (11604),2002,3,71.87,33.28,20.73,14
1000,Khulna (11604),2002,4,76.2,33.74,23.86,74
1001,Khulna (11604),2002,5,79.71,34.65,25.35,254
1002,Khulna (11604),2002,6,87.33,32.8,25.41,846
1003,Khulna (11604),2002,7,87.55,33.31,27.1,367
1004,Khulna (11604),2002,8,90.03,32.15,26.14,483
1005,Khulna (11604),2002,9,87.8,32.67,25.87,429
1006,Khulna (11604),2002,10,82.61,32.71,24.15,22
1007,Khulna (11604),2002,11,82.8,30.09,19.81,169
1008,Khulna (11604),2002,12,82.45,27.47,15.25,0
1009,Khulna (11604),2003,1,81.7,23.95,11.08,0
1010,Khulna (11604),2003,2,75.71,29.5,16.74,0
1011,Khulna (11604),2003,3,75.85,31.46,19.63,155
1012,Khulna (11604),2003,4,77.42,35.08,25.48,63
1013,Khulna (11604),2003,5,76.58,35.67,26,125
1014,Khulna (11604),2003,6,85.46,32.89,26.24,251
1015,Khulna (11604),2003,7,86.83,32.66,26.55,287
1016,Khulna (11604),2003,8,86,32.91,26.68,255
1017,Khulna (11604),2003,9,88.29,32.89,26.33,145
1018,Khulna (11604),2003,10,87.28,32.33,25.02,315
1019,Khulna (11604),2003,11,78.91,30.51,19.03,0
1020,Khulna (11604),2003,12,82.85,25.92,15.4,22
1021,Khulna (11604),2004,1,83.2,23.85,13.19,0
1022,Khulna (11604),2004,2,72.74,28.74,15.66,0
1023,Khulna (11604),2004,3,73.88,33.03,21.85,7
1024,Khulna (11604),2004,4,77.51,33.87,24.94,85
1025,Khulna (11604),2004,5,77.17,35.84,26.15,180
1026,Khulna (11604),2004,6,85.55,33.16,26.19,383
1027,Khulna (11604),2004,7,86.48,32.15,26.43,253
1028,Khulna (11604),2004,8,87.68,32,26.49,266
1029,Khulna (11604),2004,9,87.6,31.84,26.25,621
1030,Khulna (11604),2004,10,83.71,31.46,23.7,183
1031,Khulna (11604),2004,11,79.22,29.66,18.61,0
1032,Khulna (11604),2004,12,80.13,27.24,15.76,0
1033,Khulna (11604),2005,1,79.71,25.2,13.49,15
1034,Khulna (11604),2005,2,75.37,30,17.34,0
1035,Khulna (11604),2005,3,83.03,32.64,22.11,148
1036,Khulna (11604),2005,4,81.29,34.93,25.2,43
1037,Khulna (11604),2005,5,82.26,35.14,25.89,215
1038,Khulna (11604),2005,6,82.31,34.89,27.3,102
1039,Khulna (11604),2005,7,86.55,31.53,26.28,435
1040,Khulna (11604),2005,8,86.38,32.41,26.92,194
1041,Khulna (11604),2005,9,85.82,32.69,26.27,410
1042,Khulna (11604),2005,10,87.52,30.85,24.69,420
1043,Khulna (11604),2005,11,81.21,29,18.98,0
1044,Khulna (11604),2005,12,78.04,26.75,14.8,0
1045,Khulna (11604),2006,1,77.12,25.9,12.82,0
1046,Khulna (11604),2006,2,73.96,31.85,18.81,0
1047,Khulna (11604),2006,3,68.33,33.25,21.09,5
1048,Khulna (11604),2006,4,70.82,34.99,24.93,19
1049,Khulna (11604),2006,5,76.85,34.56,25.67,230
1050,Khulna (11604),2006,6,84.14,33.61,26.87,262
1051,Khulna (11604),2006,7,87.04,32.39,26.39,522
1052,Khulna (11604),2006,8,86.86,32.22,26.01,364
1053,Khulna (11604),2006,9,86.17,32.42,26.02,579
1054,Khulna (11604),2006,10,83.8,32.42,24.89,79
1055,Khulna (11604),2006,11,80.95,29.56,20.09,1
1056,Khulna (11604),2006,12,79.38,26.93,15.04,0
1057,Khulna (11604),2007,1,78.27,24.94,12.25,0
1058,Khulna (11604),2007,2,80.12,27.65,16.95,54
1059,Khulna (11604),2007,3,70.11,31.6,19.65,14
1060,Khulna (11604),2007,4,75.33,34.61,24.39,92
1061,Khulna (11604),2007,5,76.24,35.38,25.86,119
1062,Khulna (11604),2007,6,83.37,33.61,26.32,374
1063,Khulna (11604),2007,7,88.03,31.35,26.35,591
1064,Khulna (11604),2007,8,84.67,32.69,26.78,160
1065,Khulna (11604),2007,9,91.03,31.92,26.1,397
1066,Khulna (11604),2007,10,89.26,31.84,24.13,197
1067,Khulna (11604),2007,11,86.47,29.11,20.52,113
1068,Khulna (11604),2007,12,81.28,25.66,14.36,0
1069,Khulna (11604),2008,1,80.44,25.1,13.84,66
1070,Khulna (11604),2008,2,74.44,26.76,15.26,36
1071,Khulna (11604),2008,3,77.65,32.3,22.4,48
1072,Khulna (11604),2008,4,74.79,34.97,24.5,36
1073,Khulna (11604),2008,5,74.78,35.91,25.34,151
1074,Khulna (11604),2008,6,84.71,32.73,26.21,190
1075,Khulna (11604),2008,7,88.93,31.55,26.3,301
1076,Khulna (11604),2008,8,86.39,32.35,26.61,202
1077,Khulna (11604),2008,9,86.24,32.74,26.21,379
1078,Khulna (11604),2008,10,84.54,31.77,23.8,187
1079,Khulna (11604),2008,11,79.09,29.55,19.65,0
1080,Khulna (11604),2008,12,84.76,26.07,16.39,0
1081,Khulna (11604),2009,1,81.58,26.18,15.23,1
1082,Khulna (11604),2009,2,73.32,29.79,16.91,6
1083,Khulna (11604),2009,3,72.29,33.18,21.15,10
1084,Khulna (11604),2009,4,71.77,36.52,25.59,23
1085,Khulna (11604),2009,5,74.9,35.6,26,130
1086,Khulna (11604),2009,6,80.9,34.86,26.94,233
1087,Khulna (11604),2009,7,86.9,32.44,26.53,347
1088,Khulna (11604),2009,8,87.26,32.65,26.26,568
1089,Khulna (11604),2009,9,85.27,33.13,26.39,357
1090,Khulna (11604),2009,10,81.84,32.4,23.6,111
1091,Khulna (11604),2009,11,78.2,30.39,20.07,20
1092,Khulna (11604),2009,12,80.19,26.19,14.23,0
1093,Khulna (11604),2010,1,78.68,24.19,11.89,0
1094,Khulna (11604),2010,2,72.64,29.36,16.57,2
1095,Khulna (11604),2010,3,71.29,34.73,23.38,14
1096,Khulna (11604),2010,4,72.37,36.11,26.87,21
1097,Khulna (11604),2010,5,77.42,35.44,25.93,146
1098,Khulna (11604),2010,6,83.7,34,26.61,287
1099,Khulna (11604),2010,7,84,33.13,26.97,180
1100,Khulna (11604),2010,8,83.65,33.3,27.03,205
1101,Khulna (11604),2010,9,84.6,33.32,26.45,157
1102,Khulna (11604),2010,10,84.1,32.48,24.96,332
1103,Khulna (11604),2010,11,79.93,30.59,21.05,0
1104,Khulna (11604),2010,12,78,26.06,14.31,13
1105,Khulna (11604),2011,1,76.71,24.19,12,0
1106,Khulna (11604),2011,2,70.75,28.99,16.18,1
1107,Khulna (11604),2011,3,70.13,32.99,20.54,16
1108,Khulna (11604),2011,4,72.8,34.42,23.47,28
1109,Khulna (11604),2011,5,78.13,34.75,25.5,145
1110,Khulna (11604),2011,6,84.73,33.48,26.49,381
1111,Khulna (11604),2011,7,84.13,32.64,26.54,387
1112,Khulna (11604),2011,8,88.61,31.4,26.2,614
1113,Khulna (11604),2011,9,87.57,31.99,25.94,367
1114,Khulna (11604),2011,10,79.52,33.36,25.24,3
1115,Khulna (11604),2011,11,81,30.3,19.36,6
1116,Khulna (11604),2011,12,83.39,25.11,14.75,0
1117,Khulna (11604),2012,1,80.97,24.32,14.32,66
1118,Khulna (11604),2012,2,71.45,29.07,15.57,18
1119,Khulna (11604),2012,3,73.71,33.93,21.99,1
1120,Khulna (11604),2012,4,77.27,35.3,24.34,52
1121,Khulna (11604),2012,5,79.81,36.71,26.4,63
1122,Khulna (11604),2012,6,84.93,35.3,27.71,255
1123,Khulna (11604),2012,7,90.42,32.64,26.67,391
1124,Khulna (11604),2012,8,90.87,32.82,26.66,254
1125,Khulna (11604),2012,9,90.03,32.79,26.51,374
1126,Khulna (11604),2012,10,85.81,32.33,23.62,89
1127,Khulna (11604),2012,11,81.3,29.38,19.06,80
1128,Khulna (11604),2012,12,87.65,25.06,13.71,2
1129,Khulna (11604),2013,1,83.71,24.82,11.69,1
1130,Khulna (11604),2013,2,77.5,29.09,15.56,7
1131,Khulna (11604),2013,3,70.1,33.82,21.13,19
1132,Khulna (11604),2013,4,71.43,35.39,24.12,62
1133,Khulna (11604),2013,5,82.77,33.28,25.19,430
1134,Khulna (11604),2013,6,84.83,33.88,27.07,212
1135,Khulna (11604),2013,7,90.58,32.79,26.66,313
1136,Khulna (11604),2013,8,91.65,32.63,26.25,482
1137,Khulna (11604),2013,9,85.47,33.19,26.36,278
1138,Khulna (11604),2013,10,86.74,31.61,24.41,260
1139,Khulna (11604),2013,11,75.3,30.43,18.24,0
1140,Khulna (11604),2013,12,78.9,27,14.98,0
1141,Khulna (11604),2014,1,81.16,23.92,12.62,0
1142,Khulna (11604),2014,2,73.96,27.77,15.15,24
1143,Khulna (11604),2014,3,68.19,32.9,20.15,5
1144,Khulna (11604),2014,4,66.67,37.68,25.14,0
1145,Khulna (11604),2014,5,74.29,36.77,26.63,118
1146,Khulna (11604),2014,6,83.8,33.77,26.45,447
1147,Khulna (11604),2014,7,86.39,32.85,26.91,394
1148,Khulna (11604),2014,8,85.52,32.95,26.72,258
1149,Khulna (11604),2014,9,84.97,33.28,26.08,205
1150,Khulna (11604),2014,10,79.58,33.13,23.95,10
1151,Khulna (11604),2014,11,75.93,31.01,18.42,0
1152,Khulna (11604),2014,12,82.84,25.56,14.2,0
1153,Khulna (11604),2015,1,80.19,25.25,13.84,41
1154,Khulna (11604),2015,2,74.79,29.3,16.55,35
1155,Khulna (11604),2015,3,68.9,32.74,19.75,28
1156,Khulna (11604),2015,4,76.23,34.18,23.91,107
1157,Khulna (11604),2015,5,76.74,36.05,26.67,128
1158,Khulna (11604),2015,6,83.37,33.51,26.79,318
1159,Khulna (11604),2015,7,90.19,31.53,25.85,922
1160,Khulna (11604),2015,8,86.94,32.74,26.74,353
1161,Khulna (11604),2015,9,85.43,33.34,26.24,293
1162,Khulna (11604),2015,10,81.42,33.08,24.34,83
1163,Khulna (11604),2015,11,79.87,30.84,20.13,3
1164,Khulna (11604),2015,12,84.74,26.26,16.6,6
1165,Khulna (11604),2016,1,79.74,25.83,13.47,0
1166,Khulna (11604),2016,2,77.83,30.27,19.43,97
1167,Khulna (11604),2016,3,74.52,33.83,22.62,5
1168,Khulna (11604),2016,4,74.23,36.31,26.61,54
1169,Khulna (11604),2016,5,77.65,35.13,25.31,350
1170,Khulna (11604),2016,6,83.8,33.82,26.5,353
1171,Khulna (11604),2016,7,87.39,32.33,26.52,413
1172,Khulna (11604),2016,8,85.55,33.04,26.49,646
1173,Khulna (11604),2016,9,82.87,34.02,26.42,148
1174,Khulna (11604),2016,10,81.39,33.36,24.85,81
1175,Khulna (11604),2016,11,80.63,29.9,19.41,75
1176,Khulna (11604),2016,12,82.84,27.07,15.55,0
1177,Khulna (11604),2017,1,77.77,26.22,13,0
1178,Khulna (11604),2017,2,72.68,29.64,16.65,2
1179,Khulna (11604),2017,3,74.52,31.66,20.71,59
1180,Khulna (11604),2017,4,74.23,34.7,24.94,99
1181,Khulna (11604),2017,5,75.9,35.9,25.88,200
1182,Khulna (11604),2017,6,83.27,33.98,26.73,356
1183,Khulna (11604),2017,7,87.94,31.97,26.44,690
1184,Khulna (11604),2017,8,86.52,33,26.84,313
1185,Khulna (11604),2017,9,85.8,33.5,26.87,175
1186,Khulna (11604),2017,10,86.81,31.66,24.61,322
1187,Khulna (11604),2017,11,79.7,30.1,19.1,19
1188,Khulna (11604),2017,12,84.77,26.46,16.05,51
1189,Khulna (11604),2018,1,78.94,23.97,11.1,0
1190,Khulna (11604),2018,2,73.71,33.73,17.39,0
1191,Khulna (11604),2018,3,71.39,34.63,21.98,1
1192,Khulna (11604),2018,4,73.83,33.89,23.16,64
1193,Khulna (11604),2018,5,79.97,34.33,24.97,226
1194,Khulna (11604),2018,6,82.3,32.85,26.95,266
1195,Khulna (11604),2018,7,86.58,33.34,26.72,264
1196,Khulna (11604),2018,8,83.68,34.22,26.94,107
1197,Khulna (11604),2018,9,83.4,32.71,26.67,106
1198,Khulna (11604),2018,10,80,30.72,23.61,36
1199,Khulna (11604),2018,11,77.9,26.01,19.36,0
1200,Khulna (11604),2018,12,76.61,,13.79,3
1201,Khulna (11604),2019,1,74.77,,,0
1202,Khulna (11604),2019,2,72.18,,,166
1203,Khulna (11604),2019,3,72.23,,,74
1204,Khulna (11604),2019,4,73.23,,,102
1205,Khulna (11604),2019,5,76.23,,,104
1206,Khulna (11604),2019,6,81.93,,,114
1207,Khulna (11604),2019,7,85.35,,,335
1208,Khulna (11604),2019,8,84.52,,,370
1209,Khulna (11604),2019,9,86.07,,,0
1210,Khulna (11604),2019,10,85.19,,,0
1211,Khulna (11604),2019,11,82.17,,,0
1212,Khulna (11604),2019,12,81.81,,,0
1213,Khulna (11604),2020,1,80.81,,,0
1214,Khulna (11604),2020,2,72.52,,,0
1215,Khulna (11604),2020,3,66.87,,,
1216,Khulna (11604),2020,4,72.9,,,
1217,Khulna (11604),2020,5,76.9,,,
1218,Khulna (11604),2020,6,83.5,,,
1219,Khulna (11604),2020,7,84.13,,,
1220,Khulna (11604),2020,8,85.71,,,
1221,Khulna (11604),2020,9,84.2,,,
1222,Khulna (11604),2020,10,82.84,,,
1223,Khulna (11604),2020,11,74.9,,,0
1224,Khulna (11604),2020,12,79.1,,,0
1225,Satkhira (11610),1970,1,79.1,25.66,12.32,0
1226,Satkhira (11610),1970,2,73.29,29.63,14.8,47
1227,Satkhira (11610),1970,3,75.35,32.35,21.11,22
1228,Satkhira (11610),1970,4,74.03,35.5,23.8,4
1229,Satkhira (11610),1970,5,71.94,35.37,25.48,59
1230,Satkhira (11610),1970,6,88.43,31.47,24.15,296
1231,Satkhira (11610),1970,7,90.58,31.88,24.09,356
1232,Satkhira (11610),1970,8,89.26,32.07,25.56,274
1233,Satkhira (11610),1970,9,89.07,31.02,25.65,377
1234,Satkhira (11610),1970,10,87.29,31.76,23.63,100
1235,Satkhira (11610),1970,11,76.47,29.21,17.76,9
1236,Satkhira (11610),1970,12,77.29,26.9,12.06,0
1237,Satkhira (11610),1971,1,72.81,25.26,13.34,0
1238,Satkhira (11610),1971,2,69.32,27.63,15.5,10
1239,Satkhira (11610),1971,3,66.77,33.48,19.57,0
1240,Satkhira (11610),1971,4,71.47,35.06,24.19,65
1241,Satkhira (11610),1971,5,74.26,34.59,21.41,145
1242,Satkhira (11610),1971,6,81.93,31.43,25.37,401
1243,Satkhira (11610),1971,7,85.58,30.43,25.54,598
1244,Satkhira (11610),1971,8,86.1,30.08,24.96,289
1245,Satkhira (11610),1971,9,85.5,31.94,25.63,263
1246,Satkhira (11610),1971,10,81.23,31.24,24.04,198
1247,Satkhira (11610),1971,11,74.93,28.8,18.1,1
1248,Satkhira (11610),1971,12,73.23,26.64,13.23,3
1249,Satkhira (11610),1972,1,72.81,26.31,12.57,1
1250,Satkhira (11610),1972,2,69.1,25.72,12.84,15
1251,Satkhira (11610),1972,3,66.77,33.32,20.57,0
1252,Satkhira (11610),1972,4,71.47,34.66,24.09,8
1253,Satkhira (11610),1972,5,74.26,34.1,25.95,0
1254,Satkhira (11610),1972,6,81.93,33.15,26.1,271
1255,Satkhira (11610),1972,7,85.58,31.86,25.93,320
1256,Satkhira (11610),1972,8,86.1,31.9,26.01,279
1257,Satkhira (11610),1972,9,85.5,32.07,25.66,254
1258,Satkhira (11610),1972,10,81.23,31.97,23.65,112
1259,Satkhira (11610),1972,11,74.93,29.74,18.24,16
1260,Satkhira (11610),1972,12,73.23,26.76,13.17,3
1261,Satkhira (11610),1973,1,72.94,25.95,12.15,7
1262,Satkhira (11610),1973,2,55.93,31.51,16.91,1
1263,Satkhira (11610),1973,3,59.55,32.67,18.97,79
1264,Satkhira (11610),1973,4,63.13,35.81,25.26,42
1265,Satkhira (11610),1973,5,75.03,33.56,24.31,171
1266,Satkhira (11610),1973,6,80.13,33.42,25.95,186
1267,Satkhira (11610),1973,7,85.74,31.3,25.87,290
1268,Satkhira (11610),1973,8,85.29,31.46,25.59,320
1269,Satkhira (11610),1973,9,86.5,31.06,25.25,295
1270,Satkhira (11610),1973,10,80.61,31.1,23.64,153
1271,Satkhira (11610),1973,11,76.33,28.2,18.68,102
1272,Satkhira (11610),1973,12,72.19,25.22,13.7,134
1273,Satkhira (11610),1974,1,64.03,25.81,11.72,0
1274,Satkhira (11610),1974,2,54.46,29.62,13.81,0
1275,Satkhira (11610),1974,3,62.68,32.45,20.73,107
1276,Satkhira (11610),1974,4,72.3,34.7,24.71,77
1277,Satkhira (11610),1974,5,70.16,34.44,25.66,168
1278,Satkhira (11610),1974,6,78.17,33.92,26.01,127
1279,Satkhira (11610),1974,7,87.26,30.8,25.25,528
1280,Satkhira (11610),1974,8,83.68,32.12,26.01,238
1281,Satkhira (11610),1974,9,84.73,31.84,24.84,348
1282,Satkhira (11610),1974,10,81.45,32.71,24.47,183
1283,Satkhira (11610),1974,11,70.77,30.74,19.82,0
1284,Satkhira (11610),1974,12,65.77,26.31,12.35,0
1285,Satkhira (11610),1975,1,62.68,26.15,11.92,6
1286,Satkhira (11610),1975,2,62.07,29.08,15.47,35
1287,Satkhira (11610),1975,3,53.71,34.55,20.93,0
1288,Satkhira (11610),1975,4,64.5,35.48,24.58,19
1289,Satkhira (11610),1975,5,68.77,35.4,25.31,117
1290,Satkhira (11610),1975,6,77.87,33.59,26.13,219
1291,Satkhira (11610),1975,7,86.1,30.97,25.32,692
1292,Satkhira (11610),1975,8,83.52,32.13,25.94,252
1293,Satkhira (11610),1975,9,84.7,32.15,25.6,152
1294,Satkhira (11610),1975,10,81.58,32.42,24.93,138
1295,Satkhira (11610),1975,11,72.37,28.34,17.73,13
1296,Satkhira (11610),1975,12,65.58,26.37,12.25,0
1297,Satkhira (11610),1976,1,63.32,26.58,12.08,0
1298,Satkhira (11610),1976,2,64.55,28.94,16.08,62
1299,Satkhira (11610),1976,3,62.84,34.03,21.72,0
1300,Satkhira (11610),1976,4,62.57,35.07,24.07,116
1301,Satkhira (11610),1976,5,75.23,34.45,24.47,188
1302,Satkhira (11610),1976,6,79.13,33.83,26.16,92
1303,Satkhira (11610),1976,7,85,32.05,25.64,418
1304,Satkhira (11610),1976,8,86,31.43,25.45,237
1305,Satkhira (11610),1976,9,84.53,32.48,25.38,172
1306,Satkhira (11610),1976,10,77.45,32.96,23.62,84
1307,Satkhira (11610),1976,11,75.37,31.6,20.95,18
1308,Satkhira (11610),1976,12,69.9,27.58,13.08,0
1309,Satkhira (11610),1977,1,65.87,26.43,12.31,1
1310,Satkhira (11610),1977,2,65.64,29.93,15.18,84
1311,Satkhira (11610),1977,3,67.97,34.44,22.2,0
1312,Satkhira (11610),1977,4,75.47,34.27,24.2,132
1313,Satkhira (11610),1977,5,77.77,33.44,24.24,192
1314,Satkhira (11610),1977,6,84.87,32.23,25.75,485
1315,Satkhira (11610),1977,7,87.39,31.85,26.13,621
1316,Satkhira (11610),1977,8,86.39,32.09,26.29,258
1317,Satkhira (11610),1977,9,83.73,32.88,26.02,176
1318,Satkhira (11610),1977,10,79.65,32.34,23.64,75
1319,Satkhira (11610),1977,11,77.4,30.14,20.47,23
1320,Satkhira (11610),1977,12,73.35,27.13,13.87,17
1321,Satkhira (11610),1978,1,68.32,25.48,11.13,0
1322,Satkhira (11610),1978,2,62.61,29.14,15.34,10
1323,Satkhira (11610),1978,3,58.13,33.15,18.97,32
1324,Satkhira (11610),1978,4,71.63,35.49,23.71,100
1325,Satkhira (11610),1978,5,76.87,35.41,25.07,198
1326,Satkhira (11610),1978,6,82.8,33.65,26.2,229
1327,Satkhira (11610),1978,7,86.35,32.1,25.62,328
1328,Satkhira (11610),1978,8,87,31.66,26.39,312
1329,Satkhira (11610),1978,9,85.7,31.3,26.04,728
1330,Satkhira (11610),1978,10,79.71,31.63,24.82,157
1331,Satkhira (11610),1978,11,70.97,30.87,20.83,24
1332,Satkhira (11610),1978,12,67.94,27.2,14.33,0
1333,Satkhira (11610),1979,1,69.23,27.53,14.48,48
1334,Satkhira (11610),1979,2,63.11,27.71,15.48,0
1335,Satkhira (11610),1979,3,51.65,33.81,21.11,14
1336,Satkhira (11610),1979,4,59.57,35.4,25.21,10
1337,Satkhira (11610),1979,5,58.19,36.1,27.38,47
1338,Satkhira (11610),1979,6,74.3,33.1,26.98,251
1339,Satkhira (11610),1979,7,82.19,32.04,26.76,295
1340,Satkhira (11610),1979,8,84,31.8,26.54,319
1341,Satkhira (11610),1979,9,80.47,32.7,26.55,90
1342,Satkhira (11610),1979,10,72.42,32.75,24.19,69
1343,Satkhira (11610),1979,11,69.3,32.16,22.41,0
1344,Satkhira (11610),1979,12,69.45,26.58,15.58,31
1345,Satkhira (11610),1980,1,72.81,26.51,14.05,3
1346,Satkhira (11610),1980,2,69.1,28.75,16.88,166
1347,Satkhira (11610),1980,3,66.77,31.95,21.52,78
1348,Satkhira (11610),1980,4,71.47,35.56,25.77,11
1349,Satkhira (11610),1980,5,74.26,34.8,25.09,109
1350,Satkhira (11610),1980,6,81.93,32.44,26.29,245
1351,Satkhira (11610),1980,7,85.58,32.16,26.04,334
1352,Satkhira (11610),1980,8,86.1,31.42,26.2,209
1353,Satkhira (11610),1980,9,85.5,31.51,26.37,104
1354,Satkhira (11610),1980,10,81.23,30.69,23.3,110
1355,Satkhira (11610),1980,11,74.93,29.65,17.49,2
1356,Satkhira (11610),1980,12,73.23,26.64,13.74,0
1357,Satkhira (11610),1981,1,66.94,24.83,12.79,31
1358,Satkhira (11610),1981,2,66.07,27.69,15.62,40
1359,Satkhira (11610),1981,3,65.42,30.95,20.08,120
1360,Satkhira (11610),1981,4,73.07,31.5,22.81,264
1361,Satkhira (11610),1981,5,76.71,32.56,24.7,180
1362,Satkhira (11610),1981,6,79.63,32.68,26.41,200
1363,Satkhira (11610),1981,7,86.71,30.74,26.24,570
1364,Satkhira (11610),1981,8,84.71,31.5,26.57,289
1365,Satkhira (11610),1981,9,84.97,31.2,25.85,273
1366,Satkhira (11610),1981,10,68.84,32.59,23.17,8
1367,Satkhira (11610),1981,11,60.63,29.66,17.08,0
1368,Satkhira (11610),1981,12,66.35,24.78,13.75,98
1369,Satkhira (11610),1982,1,62.71,26.65,12.98,0
1370,Satkhira (11610),1982,2,64.39,27.52,16.53,60
1371,Satkhira (11610),1982,3,60.52,30.96,19.84,31
1372,Satkhira (11610),1982,4,66.73,34.53,24.16,112
1373,Satkhira (11610),1982,5,61.94,36.71,26.57,80
1374,Satkhira (11610),1982,6,77.03,33.37,26.15,207
1375,Satkhira (11610),1982,7,79.48,32.31,26.44,206
1376,Satkhira (11610),1982,8,85.65,30.98,25.85,387
1377,Satkhira (11610),1982,9,79.67,32.22,25.62,230
1378,Satkhira (11610),1982,10,72.29,32.23,23.15,27
1379,Satkhira (11610),1982,11,66.57,28.68,17.55,19
1380,Satkhira (11610),1982,12,60.45,26.31,12.26,1
1381,Satkhira (11610),1983,1,64.94,25.29,12.39,17
1382,Satkhira (11610),1983,2,61.82,26.84,15.68,58
1383,Satkhira (11610),1983,3,63.35,32.04,21.75,22
1384,Satkhira (11610),1983,4,62.97,34.26,23.95,130
1385,Satkhira (11610),1983,5,70.45,34.42,24.56,202
1386,Satkhira (11610),1983,6,77.1,33.8,26.48,201
1387,Satkhira (11610),1983,7,83,31.95,26.06,195
1388,Satkhira (11610),1983,8,86.94,30.65,25.7,423
1389,Satkhira (11610),1983,9,85.77,31.11,25.54,253
1390,Satkhira (11610),1983,10,79.26,31.65,23.69,290
1391,Satkhira (11610),1983,11,64.63,30.45,17.18,4
1392,Satkhira (11610),1983,12,63.9,26.61,11.1,5
1393,Satkhira (11610),1984,1,64.87,25.69,11.48,41
1394,Satkhira (11610),1984,2,56.62,27.83,13.32,1
1395,Satkhira (11610),1984,3,52.97,34.58,19.06,0
1396,Satkhira (11610),1984,4,66.2,35.71,24.29,102
1397,Satkhira (11610),1984,5,71.81,35.25,26.3,126
1398,Satkhira (11610),1984,6,84.2,31.8,25.71,656
1399,Satkhira (11610),1984,7,84.23,31.96,26.07,325
1400,Satkhira (11610),1984,8,85.19,32.11,25.85,351
1401,Satkhira (11610),1984,9,80.87,32.62,25.25,178
1402,Satkhira (11610),1984,10,76.42,32.9,23.87,72
1403,Satkhira (11610),1984,11,61.77,30.21,15.63,0
1404,Satkhira (11610),1984,12,59.94,27.56,12.63,1
1405,Satkhira (11610),1985,1,66.16,27.02,13.43,12
1406,Satkhira (11610),1985,2,56.21,29.6,14.92,6
1407,Satkhira (11610),1985,3,60.48,35.38,22.82,38
1408,Satkhira (11610),1985,4,61.17,37.03,25.58,75
1409,Satkhira (11610),1985,5,69.42,35.59,24.68,146
1410,Satkhira (11610),1985,6,77.9,34.35,26.46,291
1411,Satkhira (11610),1985,7,83.29,31.86,25.69,208
1412,Satkhira (11610),1985,8,83.45,32.87,26.15,314
1413,Satkhira (11610),1985,9,84.2,32.75,25.8,271
1414,Satkhira (11610),1985,10,74.23,32.83,22.82,143
1415,Satkhira (11610),1985,11,66.97,30.82,16.98,0
1416,Satkhira (11610),1985,12,64.32,28.82,13.53,0
1417,Satkhira (11610),1986,1,64.97,26.6,12.26,13
1418,Satkhira (11610),1986,2,55.04,30.21,15.6,0
1419,Satkhira (11610),1986,3,50.45,35.65,20.11,8
1420,Satkhira (11610),1986,4,63.93,36.23,23.9,36
1421,Satkhira (11610),1986,5,67.94,36.05,24.29,175
1422,Satkhira (11610),1986,6,77.7,34.51,26.42,257
1423,Satkhira (11610),1986,7,84.16,32.25,25.84,370
1424,Satkhira (11610),1986,8,80.16,33.82,26.46,259
1425,Satkhira (11610),1986,9,85.2,32.15,25.4,485
1426,Satkhira (11610),1986,10,78.61,31.96,22.71,209
1427,Satkhira (11610),1986,11,74.23,30.33,19.59,181
1428,Satkhira (11610),1986,12,68.52,27.95,14.8,2
1429,Satkhira (11610),1987,1,65.65,26.69,12.39,2
1430,Satkhira (11610),1987,2,61.89,30.4,15.97,5
1431,Satkhira (11610),1987,3,61.23,33.66,20.59,15
1432,Satkhira (11610),1987,4,64.9,35.66,25.11,125
1433,Satkhira (11610),1987,5,68.61,36.31,25.41,91
1434,Satkhira (11610),1987,6,75.2,34.67,26.65,155
1435,Satkhira (11610),1987,7,85.23,32.34,26.13,375
1436,Satkhira (11610),1987,8,82.65,32.99,26.15,475
1437,Satkhira (11610),1987,9,83.5,33.12,26.06,328
1438,Satkhira (11610),1987,10,73.29,33.92,23.63,34
1439,Satkhira (11610),1987,11,68.37,31.03,18.89,9
1440,Satkhira (11610),1987,12,66.65,28.29,14.19,2
1441,Satkhira (11610),1988,1,65.48,27.55,12.34,0
1442,Satkhira (11610),1988,2,66.31,30.46,15.97,46
1443,Satkhira (11610),1988,3,63.06,33.45,20.98,45
1444,Satkhira (11610),1988,4,63.87,36,25.07,69
1445,Satkhira (11610),1988,5,73.32,34.35,26.13,227
1446,Satkhira (11610),1988,6,80.9,32.55,26.19,688
1447,Satkhira (11610),1988,7,83.35,32.33,26.24,262
1448,Satkhira (11610),1988,8,85.1,31.95,26.26,327
1449,Satkhira (11610),1988,9,82.9,32.99,25.94,174
1450,Satkhira (11610),1988,10,73.81,32.9,22.92,19
1451,Satkhira (11610),1988,11,67.83,31,17.65,106
1452,Satkhira (11610),1988,12,71.13,27.61,15.6,0
1453,Satkhira (11610),1989,1,72.13,25.01,11.03,1
1454,Satkhira (11610),1989,2,67.79,29.2,15.67,0
1455,Satkhira (11610),1989,3,64.06,33.61,20.4,3
1456,Satkhira (11610),1989,4,71.93,36.71,25.22,52
1457,Satkhira (11610),1989,5,76.71,36.03,26.23,240
1458,Satkhira (11610),1989,6,82.6,33.15,26.67,236
1459,Satkhira (11610),1989,7,84.94,32.21,26.59,266
1460,Satkhira (11610),1989,8,85.29,32.45,26.22,267
1461,Satkhira (11610),1989,9,87.43,32.27,25.94,146
1462,Satkhira (11610),1989,10,85.03,31.98,24.25,135
1463,Satkhira (11610),1989,11,78.57,30.67,17.84,0
1464,Satkhira (11610),1989,12,76.26,26.69,12.52,0
1465,Satkhira (11610),1990,1,74.71,27.09,12.42,0
1466,Satkhira (11610),1990,2,75,29.2,17.63,37
1467,Satkhira (11610),1990,3,77.55,30.09,19.78,150
1468,Satkhira (11610),1990,4,74.8,33.8,24.26,25
1469,Satkhira (11610),1990,5,76.97,34.73,25.42,176
1470,Satkhira (11610),1990,6,83.93,33.4,26.99,211
1471,Satkhira (11610),1990,7,86.52,31.8,26.2,458
1472,Satkhira (11610),1990,8,85.06,32.63,26.55,254
1473,Satkhira (11610),1990,9,87.67,31.86,25.86,295
1474,Satkhira (11610),1990,10,83.61,31.09,22.74,168
1475,Satkhira (11610),1990,11,77.83,30.63,19.66,40
1476,Satkhira (11610),1990,12,75.16,27.59,13.17,7
1477,Satkhira (11610),1991,1,77.16,25.14,12.5,34
1478,Satkhira (11610),1991,2,73.21,30.25,17.14,47
1479,Satkhira (11610),1991,3,73.32,33.67,21.99,53
1480,Satkhira (11610),1991,4,72.33,35.49,24.68,67
1481,Satkhira (11610),1991,5,76.74,35.35,26.71,37
1482,Satkhira (11610),1991,6,84.67,33.17,26.2,518
1483,Satkhira (11610),1991,7,85.19,32.52,26.73,342
1484,Satkhira (11610),1991,8,87.03,32.44,26.5,324
1485,Satkhira (11610),1991,9,87.2,32.57,25.99,217
1486,Satkhira (11610),1991,10,85.58,31.74,23.69,103
1487,Satkhira (11610),1991,11,76.73,29.55,17.47,5
1488,Satkhira (11610),1991,12,78.39,26.09,13.43,7
1489,Satkhira (11610),1992,1,78.32,25.05,12.01,9
1490,Satkhira (11610),1992,2,75.41,27.14,16.06,115
1491,Satkhira (11610),1992,3,68.65,33.53,21.95,0
1492,Satkhira (11610),1992,4,67,37.33,24.84,8
1493,Satkhira (11610),1992,5,74.97,35.04,24.74,134
1494,Satkhira (11610),1992,6,78.37,34.36,26.45,208
1495,Satkhira (11610),1992,7,85.26,32.13,25.82,407
1496,Satkhira (11610),1992,8,84.94,32.21,26.25,284
1497,Satkhira (11610),1992,9,84.8,32.48,25.7,247
1498,Satkhira (11610),1992,10,82.13,33.14,23.52,95
1499,Satkhira (11610),1992,11,76.07,30.47,18.01,1
1500,Satkhira (11610),1992,12,73.94,27.35,12.03,0
1501,Satkhira (11610),1993,1,74.16,26.09,12.05,17
1502,Satkhira (11610),1993,2,72.07,30.07,16.96,57
1503,Satkhira (11610),1993,3,68.32,32.45,18.54,57
1504,Satkhira (11610),1993,4,73.77,34.85,23.52,71
1505,Satkhira (11610),1993,5,77.94,34.46,25.05,203
1506,Satkhira (11610),1993,6,83.37,32.87,26.03,290
1507,Satkhira (11610),1993,7,85.71,32.35,26.45,251
1508,Satkhira (11610),1993,8,86.45,32.16,26.5,235
1509,Satkhira (11610),1993,9,87.63,31.9,25.48,430
1510,Satkhira (11610),1993,10,84.06,32.55,23.74,160
1511,Satkhira (11610),1993,11,78.5,30.42,18.5,29
1512,Satkhira (11610),1993,12,76.19,27.72,13.64,0
1513,Satkhira (11610),1994,1,69.94,26.59,12.49,10
1514,Satkhira (11610),1994,2,72.04,27.59,15.62,30
1515,Satkhira (11610),1994,3,67.35,34.07,22.17,9
1516,Satkhira (11610),1994,4,70.87,34.92,23.82,169
1517,Satkhira (11610),1994,5,73.65,35.78,26.18,108
1518,Satkhira (11610),1994,6,85.2,33.02,26.57,300
1519,Satkhira (11610),1994,7,84.19,32.64,26.42,426
1520,Satkhira (11610),1994,8,85.77,32.06,26.29,326
1521,Satkhira (11610),1994,9,80.27,33.26,25.62,164
1522,Satkhira (11610),1994,10,76.61,33.07,23.61,69
1523,Satkhira (11610),1994,11,72.8,29.88,18.31,4
1524,Satkhira (11610),1994,12,65.84,28.03,12.46,0
1525,Satkhira (11610),1995,1,68.52,25.06,11.19,5
1526,Satkhira (11610),1995,2,71.61,28.01,16.22,56
1527,Satkhira (11610),1995,3,66.48,33.55,19.89,50
1528,Satkhira (11610),1995,4,67.07,37.22,25.11,1
1529,Satkhira (11610),1995,5,75.16,35.92,27.07,92
1530,Satkhira (11610),1995,6,82.07,33.47,26.59,351
1531,Satkhira (11610),1995,7,86.32,32.09,26.02,434
1532,Satkhira (11610),1995,8,84.81,32.62,26.03,242
1533,Satkhira (11610),1995,9,85.7,32.05,25.37,336
1534,Satkhira (11610),1995,10,81,32.58,23.48,57
1535,Satkhira (11610),1995,11,76.7,29.22,18.65,161
1536,Satkhira (11610),1995,12,69.58,27.3,13.22,0
1537,Satkhira (11610),1996,1,76.77,25.81,12.61,5
1538,Satkhira (11610),1996,2,75.59,29.08,15.11,33
1539,Satkhira (11610),1996,3,73.29,33.95,22.56,11
1540,Satkhira (11610),1996,4,72.57,35.26,24.03,119
1541,Satkhira (11610),1996,5,76.13,35.96,26.04,66
1542,Satkhira (11610),1996,6,82.73,33.18,25.4,311
1543,Satkhira (11610),1996,7,85.23,32.59,26.17,259
1544,Satkhira (11610),1996,8,88.19,31.32,25.67,224
1545,Satkhira (11610),1996,9,86.13,33.34,25.57,239
1546,Satkhira (11610),1996,10,84.13,32.01,22.42,332
1547,Satkhira (11610),1996,11,79.7,30.37,17.29,0
1548,Satkhira (11610),1996,12,74.94,26.92,12.27,0
1549,Satkhira (11610),1997,1,75.94,25.22,10.38,19
1550,Satkhira (11610),1997,2,73.64,27.84,15.01,35
1551,Satkhira (11610),1997,3,75.97,32.8,21.31,102
1552,Satkhira (11610),1997,4,79.9,32.17,20.91,235
1553,Satkhira (11610),1997,5,77.61,34.87,24.48,243
1554,Satkhira (11610),1997,6,82.27,34.19,25.99,215
1555,Satkhira (11610),1997,7,88.26,32.61,25.95,447
1556,Satkhira (11610),1997,8,88.16,32.44,25.99,422
1557,Satkhira (11610),1997,9,89.6,32.13,25.21,332
1558,Satkhira (11610),1997,10,80.97,32.57,21.94,40
1559,Satkhira (11610),1997,11,78.27,31.27,19.01,4
1560,Satkhira (11610),1997,12,82.19,25.37,13.3,13
1561,Satkhira (11610),1998,1,81.87,23.41,12.15,53
1562,Satkhira (11610),1998,2,78.93,28.15,16.88,71
1563,Satkhira (11610),1998,3,76.87,30.65,18.67,164
1564,Satkhira (11610),1998,4,79.63,34.07,23.89,96
1565,Satkhira (11610),1998,5,77.61,35.1,25.86,159
1566,Satkhira (11610),1998,6,81.93,34.94,27.62,123
1567,Satkhira (11610),1998,7,86.19,32.74,26.37,320
1568,Satkhira (11610),1998,8,87.16,32.2,26.23,185
1569,Satkhira (11610),1998,9,87.13,32.59,25.44,189
1570,Satkhira (11610),1998,10,86.32,33.06,24.58,232
1571,Satkhira (11610),1998,11,83.73,30.5,19.96,135
1572,Satkhira (11610),1998,12,79.42,27.76,12.98,0
1573,Satkhira (11610),1999,1,76.94,26.11,11.05,0
1574,Satkhira (11610),1999,2,72.46,30.5,15.33,0
1575,Satkhira (11610),1999,3,68.9,34.53,20.36,0
1576,Satkhira (11610),1999,4,73.67,36.15,24.96,28
1577,Satkhira (11610),1999,5,79.39,34.32,24.46,272
1578,Satkhira (11610),1999,6,83.07,33.3,25.18,217
1579,Satkhira (11610),1999,7,86.68,32.05,24.55,291
1580,Satkhira (11610),1999,8,87,31.77,24.57,332
1581,Satkhira (11610),1999,9,88.37,31.28,24.19,361
1582,Satkhira (11610),1999,10,85.48,31.66,22.92,111
1583,Satkhira (11610),1999,11,77.73,30.28,16.59,4
1584,Satkhira (11610),1999,12,77.58,27.87,12.31,0
1585,Satkhira (11610),2000,1,76.9,26.37,10.4,20
1586,Satkhira (11610),2000,2,74.24,26.73,14.1,32
1587,Satkhira (11610),2000,3,69.26,32.62,18.56,10
1588,Satkhira (11610),2000,4,75.53,34.51,22.86,180
1589,Satkhira (11610),2000,5,76.9,34.38,24.76,194
1590,Satkhira (11610),2000,6,82.4,33.25,26.31,218
1591,Satkhira (11610),2000,7,83.94,32.32,26.06,403
1592,Satkhira (11610),2000,8,83.23,32.87,26.41,317
1593,Satkhira (11610),2000,9,85.9,32.25,25.55,486
1594,Satkhira (11610),2000,10,82.03,32.05,24.77,142
1595,Satkhira (11610),2000,11,77.97,30.53,19.44,0
1596,Satkhira (11610),2000,12,74.9,26.63,12.8,0
1597,Satkhira (11610),2001,1,71.55,24.98,10.38,0
1598,Satkhira (11610),2001,2,71.86,29.29,15.49,55
1599,Satkhira (11610),2001,3,71.9,32.51,19.67,38
1600,Satkhira (11610),2001,4,75.37,35.07,23.98,53
1601,Satkhira (11610),2001,5,76.13,34.35,24.74,223
1602,Satkhira (11610),2001,6,86.7,31.47,26.02,411
1603,Satkhira (11610),2001,7,86.42,31.69,26.35,263
1604,Satkhira (11610),2001,8,84.61,32.69,26.83,236
1605,Satkhira (11610),2001,9,85.17,32.72,26.03,230
1606,Satkhira (11610),2001,10,85.26,32.04,24.56,122
1607,Satkhira (11610),2001,11,82,29.7,20.66,52
1608,Satkhira (11610),2001,12,80.84,26.58,12.81,0
1609,Satkhira (11610),2002,1,78.74,25.82,13.34,14
1610,Satkhira (11610),2002,2,69.21,29.3,15.35,0
1611,Satkhira (11610),2002,3,68.48,33.14,20.99,6
1612,Satkhira (11610),2002,4,75.2,33.75,23.97,91
1613,Satkhira (11610),2002,5,76.03,35.31,25.75,164
1614,Satkhira (11610),2002,6,84.73,32.96,26.23,536
1615,Satkhira (11610),2002,7,83.42,33.6,27.23,434
1616,Satkhira (11610),2002,8,87.1,31.96,26.38,301
1617,Satkhira (11610),2002,9,87.3,32.36,25.92,245
1618,Satkhira (11610),2002,10,83.1,32.08,23.1,23
1619,Satkhira (11610),2002,11,81.73,29.42,18.79,89
1620,Satkhira (11610),2002,12,79.52,26.91,14.07,0
1621,Satkhira (11610),2003,1,78.47,23.45,10.45,0
1622,Satkhira (11610),2003,2,74.9,28.85,17.04,0
1623,Satkhira (11610),2003,3,73.7,31.13,19.83,121
1624,Satkhira (11610),2003,4,76.07,34.99,25.56,52
1625,Satkhira (11610),2003,5,75.53,35.54,25.84,174
1626,Satkhira (11610),2003,6,82.04,33.54,26.69,252
1627,Satkhira (11610),2003,7,85.3,32.61,26.76,231
1628,Satkhira (11610),2003,8,85.19,32.68,26.72,260
1629,Satkhira (11610),2003,9,86.73,32.63,26.35,202
1630,Satkhira (11610),2003,10,88.22,31.67,24.91,420
1631,Satkhira (11610),2003,11,80.02,29.99,18.15,0
1632,Satkhira (11610),2003,12,80.72,25.6,14.08,25
1633,Satkhira (11610),2004,1,81.13,24.06,12.48,0
1634,Satkhira (11610),2004,2,70.73,28.8,15.29,0
1635,Satkhira (11610),2004,3,70.97,33.15,21.81,4
1636,Satkhira (11610),2004,4,75.97,34.14,24.64,122
1637,Satkhira (11610),2004,5,72.35,36.08,26.75,122
1638,Satkhira (11610),2004,6,82.79,33.57,26.13,382
1639,Satkhira (11610),2004,7,84.58,32.25,26.46,324
1640,Satkhira (11610),2004,8,87.19,31.83,26.53,435
1641,Satkhira (11610),2004,9,86.3,31.8,25.99,398
1642,Satkhira (11610),2004,10,83.54,31.12,23.04,246
1643,Satkhira (11610),2004,11,78.37,29.61,17.62,0
1644,Satkhira (11610),2004,12,78.38,26.93,14.83,0
1645,Satkhira (11610),2005,1,77.57,25,13.06,6
1646,Satkhira (11610),2005,2,69.87,30.03,17.21,0
1647,Satkhira (11610),2005,3,74.87,32.73,22.01,120
1648,Satkhira (11610),2005,4,71.13,35.56,25.21,28
1649,Satkhira (11610),2005,5,72.74,36.09,26.38,80
1650,Satkhira (11610),2005,6,78.61,35.64,27.11,261
1651,Satkhira (11610),2005,7,85.74,32.01,26.36,497
1652,Satkhira (11610),2005,8,85.93,32.5,26.75,158
1653,Satkhira (11610),2005,9,86.41,32.32,26.16,338
1654,Satkhira (11610),2005,10,88.26,30.61,24.18,484
1655,Satkhira (11610),2005,11,80.37,29.01,17.35,0
1656,Satkhira (11610),2005,12,76.85,26.61,13.51,10
1657,Satkhira (11610),2006,1,74.66,25.95,11.92,0
1658,Satkhira (11610),2006,2,72.17,31.75,18.48,0
1659,Satkhira (11610),2006,3,67.18,32.98,21.02,24
1660,Satkhira (11610),2006,4,72.4,34.58,25.28,59
1661,Satkhira (11610),2006,5,75.81,34.29,26.02,285
1662,Satkhira (11610),2006,6,84.05,33.45,26.89,260
1663,Satkhira (11610),2006,7,87.51,31.72,26.19,548
1664,Satkhira (11610),2006,8,86.41,31.64,25.96,359
1665,Satkhira (11610),2006,9,85.97,31.98,26.17,403
1666,Satkhira (11610),2006,10,84.49,32.22,24.46,63
1667,Satkhira (11610),2006,11,80.19,29.41,19.43,0
1668,Satkhira (11610),2006,12,79.02,26.57,13.88,0
1669,Satkhira (11610),2007,1,75.99,25.2,11.85,1
1670,Satkhira (11610),2007,2,79.05,27.43,16.88,116
1671,Satkhira (11610),2007,3,70.53,31.19,19.68,19
1672,Satkhira (11610),2007,4,74.44,34.43,24.91,76
1673,Satkhira (11610),2007,5,72.8,35.96,26.38,41
1674,Satkhira (11610),2007,6,81.84,33.59,26.94,254
1675,Satkhira (11610),2007,7,86.57,31.3,26.47,466
1676,Satkhira (11610),2007,8,84.93,32.36,26.72,167
1677,Satkhira (11610),2007,9,87.2,32,25.99,459
1678,Satkhira (11610),2007,10,83.43,32.21,23.69,175
1679,Satkhira (11610),2007,11,82.61,29.34,19.7,98
1680,Satkhira (11610),2007,12,79.8,25.94,12.99,0
1681,Satkhira (11610),2008,1,78.73,25.27,12.89,92
1682,Satkhira (11610),2008,2,75.35,26.72,14.46,39
1683,Satkhira (11610),2008,3,77.81,32.52,21.98,16
1684,Satkhira (11610),2008,4,75.1,34.87,24.06,85
1685,Satkhira (11610),2008,5,73.54,36.11,24.86,129
1686,Satkhira (11610),2008,6,84.35,32.95,25.97,200
1687,Satkhira (11610),2008,7,88.57,31.85,26,280
1688,Satkhira (11610),2008,8,87.04,32.16,26.26,257
1689,Satkhira (11610),2008,9,87.3,32.42,25.66,275
1690,Satkhira (11610),2008,10,83.99,31.64,22.8,170
1691,Satkhira (11610),2008,11,78.98,29.45,18.26,0
1692,Satkhira (11610),2008,12,84.3,26.02,14.94,0
1693,Satkhira (11610),2009,1,81.32,26.43,14.38,0
1694,Satkhira (11610),2009,2,74.36,29.77,15.8,0
1695,Satkhira (11610),2009,3,72.23,32.76,20.25,3
1696,Satkhira (11610),2009,4,72.8,36.19,25.06,12
1697,Satkhira (11610),2009,5,75.16,35.32,25.6,179
1698,Satkhira (11610),2009,6,78.07,35.48,26.9,55
1699,Satkhira (11610),2009,7,85.77,32.68,25.9,251
1700,Satkhira (11610),2009,8,86.97,32.7,25.5,512
1701,Satkhira (11610),2009,9,84.63,33.11,25.54,337
1702,Satkhira (11610),2009,10,82.26,32.4,22.36,82
1703,Satkhira (11610),2009,11,79.17,30.42,18.95,19
1704,Satkhira (11610),2009,12,77.65,26.69,13.23,0
1705,Satkhira (11610),2010,1,76.29,24.09,11.17,0
1706,Satkhira (11610),2010,2,73.07,29.21,16.4,3
1707,Satkhira (11610),2010,3,70.84,34.65,23.55,1
1708,Satkhira (11610),2010,4,73.7,36.14,27.02,25
1709,Satkhira (11610),2010,5,78.23,35.14,26.08,214
1710,Satkhira (11610),2010,6,84.33,34.31,26.94,318
1711,Satkhira (11610),2010,7,84.1,33.18,27,269
1712,Satkhira (11610),2010,8,84.1,33.49,26.84,155
1713,Satkhira (11610),2010,9,85.63,32.62,26.16,202
1714,Satkhira (11610),2010,10,84.29,32.39,24.62,92
1715,Satkhira (11610),2010,11,80.77,30.56,20.33,1
1716,Satkhira (11610),2010,12,78.81,25.59,13.25,15
1717,Satkhira (11610),2011,1,76.68,24.3,11.58,0
1718,Satkhira (11610),2011,2,71.79,28.65,15.73,1
1719,Satkhira (11610),2011,3,70.9,32.27,20.64,58
1720,Satkhira (11610),2011,4,73.67,34.22,23.37,58
1721,Satkhira (11610),2011,5,76.39,34.71,25.4,218
1722,Satkhira (11610),2011,6,82.6,33.59,26.75,450
1723,Satkhira (11610),2011,7,82.94,32.35,26.71,428
1724,Satkhira (11610),2011,8,86.68,30.97,26.44,638
1725,Satkhira (11610),2011,9,85.07,31.91,26.17,217
1726,Satkhira (11610),2011,10,79.97,32.83,25,53
1727,Satkhira (11610),2011,11,78.33,29.73,19.19,0
1728,Satkhira (11610),2011,12,81.19,25,14.65,0
1729,Satkhira (11610),2012,1,79.52,23.59,14.12,36
1730,Satkhira (11610),2012,2,72.45,28.08,14.97,14
1731,Satkhira (11610),2012,3,71.48,32.76,21.5,0
1732,Satkhira (11610),2012,4,72.27,34.71,24.04,94
1733,Satkhira (11610),2012,5,70.52,36.38,26.81,72
1734,Satkhira (11610),2012,6,77.03,35.22,27.75,199
1735,Satkhira (11610),2012,7,84.35,32.53,26.85,239
1736,Satkhira (11610),2012,8,85.19,32.42,26.66,314
1737,Satkhira (11610),2012,9,85,32.53,26.56,282
1738,Satkhira (11610),2012,10,81.84,32.04,23.35,95
1739,Satkhira (11610),2012,11,78.33,29.1,18.45,105
1740,Satkhira (11610),2012,12,81.29,24.8,13.04,8
1741,Satkhira (11610),2013,1,76.45,24,11.33,5
1742,Satkhira (11610),2013,2,72.11,28.13,15.09,12
1743,Satkhira (11610),2013,3,71.39,33.14,20.5,37
1744,Satkhira (11610),2013,4,70.73,35.14,24.36,29
1745,Satkhira (11610),2013,5,80.94,33.54,25.45,310
1746,Satkhira (11610),2013,6,81.27,33.55,26.95,245
1747,Satkhira (11610),2013,7,83.61,32.36,26.85,266
1748,Satkhira (11610),2013,8,85.19,32.12,26.58,215
1749,Satkhira (11610),2013,9,85,32.62,26.43,296
1750,Satkhira (11610),2013,10,86.35,31.21,24.6,247
1751,Satkhira (11610),2013,11,76.8,29.59,17.88,0
1752,Satkhira (11610),2013,12,79.1,26.34,14.55,0
1753,Satkhira (11610),2014,1,79.84,23.69,12.66,0
1754,Satkhira (11610),2014,2,72.79,27.31,15.31,31
1755,Satkhira (11610),2014,3,68.58,32.33,19.81,36
1756,Satkhira (11610),2014,4,67.03,36.83,25.1,0
1757,Satkhira (11610),2014,5,73.23,35.97,26.65,162
1758,Satkhira (11610),2014,6,82.87,33.68,26.61,330
1759,Satkhira (11610),2014,7,85.13,32.76,27.11,243
1760,Satkhira (11610),2014,8,84.06,32.75,26.92,175
1761,Satkhira (11610),2014,9,83.3,33.12,26.3,242
1762,Satkhira (11610),2014,10,81.16,32.7,23.66,79
1763,Satkhira (11610),2014,11,75.4,30.52,17.44,0
1764,Satkhira (11610),2014,12,79.74,25.76,13.58,0
1765,Satkhira (11610),2015,1,79.58,25.05,13.64,59
1766,Satkhira (11610),2015,2,75,29.08,16.28,10
1767,Satkhira (11610),2015,3,67.71,32.48,19.44,32
1768,Satkhira (11610),2015,4,76.57,33.76,24.02,167
1769,Satkhira (11610),2015,5,73.45,36.06,27.2,16
1770,Satkhira (11610),2015,6,79.8,33.68,27.08,226
1771,Satkhira (11610),2015,7,88.29,31.59,25.84,681
1772,Satkhira (11610),2015,8,84,32.65,26.91,229
1773,Satkhira (11610),2015,9,82.27,33.27,26.26,308
1774,Satkhira (11610),2015,10,81.61,32.56,24.14,57
1775,Satkhira (11610),2015,11,80.97,30.28,19.42,0
1776,Satkhira (11610),2015,12,81.16,25.94,15.72,7
1777,Satkhira (11610),2016,1,81.58,25.34,13.04,3
1778,Satkhira (11610),2016,2,78.24,30.01,19.27,136
1779,Satkhira (11610),2016,3,75.39,33.25,22.55,7
1780,Satkhira (11610),2016,4,72.47,36.63,26.61,14
1781,Satkhira (11610),2016,5,74.94,35.46,25.39,235
1782,Satkhira (11610),2016,6,80.93,33.84,26.51,184
1783,Satkhira (11610),2016,7,86.55,32.17,26.68,226
1784,Satkhira (11610),2016,8,85.29,32.54,26.44,202
1785,Satkhira (11610),2016,9,83.1,33.27,26.42,131
1786,Satkhira (11610),2016,10,82.32,32.83,24.4,167
1787,Satkhira (11610),2016,11,80.6,29.6,18.23,40
1788,Satkhira (11610),2016,12,81.77,26.69,14.28,0
1789,Satkhira (11610),2017,1,77.65,25.76,11.68,0
1790,Satkhira (11610),2017,2,73.89,29.56,15.86,0
1791,Satkhira (11610),2017,3,74.74,31.47,20.34,48
1792,Satkhira (11610),2017,4,73.2,34.67,25.08,19
1793,Satkhira (11610),2017,5,73.35,36.15,25.69,144
1794,Satkhira (11610),2017,6,82.73,34.23,26.22,275
1795,Satkhira (11610),2017,7,87.06,31.98,25.9,591
1796,Satkhira (11610),2017,8,84.48,32.98,26.27,238
1797,Satkhira (11610),2017,9,84.33,33.72,26.08,209
1798,Satkhira (11610),2017,10,85.06,31.76,24,323
1799,Satkhira (11610),2017,11,79.57,29.87,17.75,26
1800,Satkhira (11610),2017,12,84.23,26.36,14.38,58
1801,Satkhira (11610),2018,1,77.61,24.08,9.51,0
1802,Satkhira (11610),2018,2,71.75,29.88,15.85,0
1803,Satkhira (11610),2018,3,70.65,33.45,21.49,0
1804,Satkhira (11610),2018,4,72.37,34.23,23.32,50
1805,Satkhira (11610),2018,5,76.58,34.12,25.5,162
1806,Satkhira (11610),2018,6,80.97,34.5,26.88,273
1807,Satkhira (11610),2018,7,84.84,32.68,26.8,246
1808,Satkhira (11610),2018,8,84.61,33.03,26.85,279
1809,Satkhira (11610),2018,9,83.83,33.8,26.62,167
1810,Satkhira (11610),2018,10,81.13,32.45,22.9,105
1811,Satkhira (11610),2018,11,80.23,30.47,18.59,0
1812,Satkhira (11610),2018,12,78.13,25.55,12.42,10
1813,Satkhira (11610),2019,1,75.77,,,0
1814,Satkhira (11610),2019,2,75.11,,,125
1815,Satkhira (11610),2019,3,74.1,,,86
1816,Satkhira (11610),2019,4,74.5,,,101
1817,Satkhira (11610),2019,5,75.55,,,117
1818,Satkhira (11610),2019,6,79.77,,,218
1819,Satkhira (11610),2019,7,81.45,,,143
1820,Satkhira (11610),2019,8,85.32,,,573
1821,Satkhira (11610),2019,9,85.5,,,0
1822,Satkhira (11610),2019,10,83.32,,,0
1823,Satkhira (11610),2019,11,81.43,,,0
1824,Satkhira (11610),2019,12,81.29,,,0
1825,Satkhira (11610),2020,1,80.29,,,0
1826,Satkhira (11610),2020,2,72.14,,,0
1827,Satkhira (11610),2020,3,69.77,,,
1828,Satkhira (11610),2020,4,72.57,,,
1829,Satkhira (11610),2020,5,77.65,,,
1830,Satkhira (11610),2020,6,83.93,,,
1831,Satkhira (11610),2020,7,82.19,,,
1832,Satkhira (11610),2020,8,85.19,,,
1833,Satkhira (11610),2020,9,82.87,,,
1834,Satkhira (11610),2020,10,81.97,,,
1835,Satkhira (11610),2020,11,74.87,,,0
1836,Satkhira (11610),2020,12,78.87,,,0
